OBJECTID,StationNum,NameNom,EXTENT,Shape_Area,AREA,PERCENTAGE
1,03NE002,CAMP POND BROOK BELOW CAMP POND,Isol,24296400,24.2964,100
2,03NE011,REID BROOK BELOW TRIBUTARY,Isol,89406009.07,89.40600907,56.7803207
3,03NE011,REID BROOK BELOW TRIBUTARY,Spora,68053490.93,68.05349093,43.2196793
4,03NE012,TRIBUTARY TO REID BROOK,Isol,15428700,15.4287,100
5,03NF001,UGJOKTOK RIVER BELOW HARP LAKE,Isol,2774437936,2774.437936,36.76299151
6,03NF001,UGJOKTOK RIVER BELOW HARP LAKE,Spora,4772385164,4772.385164,63.23700849
7,04DC001,WINISK RIVER BELOW ASHEWEIG RIVER TRIBUTARY,Isol,22698547993,22698.54799,45.32812462
8,04DC001,WINISK RIVER BELOW ASHEWEIG RIVER TRIBUTARY,Spora,20087123811,20087.12381,40.11321128
9,04DC002,SHAMATTAWA RIVER AT OUTLET OF SHAMATTAWA LAKE,Isol,567329949,567.329949,12.05801256
10,04DC002,SHAMATTAWA RIVER AT OUTLET OF SHAMATTAWA LAKE,Spora,4137673851,4137.673851,87.94198744
11,05TD001,GRASS RIVER ABOVE STANDING STONE FALLS,Discon,200892210.7,200.8922107,1.30441766
12,05TD001,GRASS RIVER ABOVE STANDING STONE FALLS,Isol,9771040973,9771.040973,63.44456242
13,05TD001,GRASS RIVER ABOVE STANDING STONE FALLS,Spora,2755759632,2755.759632,17.89348386
14,05TE002,BURNTWOOD RIVER ABOVE LEAF RAPIDS,Discon,11308393.92,11.30839392,0.194056519
15,05TE002,BURNTWOOD RIVER ABOVE LEAF RAPIDS,Isol,3952520550,3952.52055,67.82681842
16,05TE002,BURNTWOOD RIVER ABOVE LEAF RAPIDS,Spora,1211802042,1211.802042,20.79500308
17,05TG003,ODEI RIVER NEAR THOMPSON,Discon,2017147528,2017.147528,33.09573137
18,05TG003,ODEI RIVER NEAR THOMPSON,Isol,1274721016,1274.721016,20.91459536
19,05TG003,ODEI RIVER NEAR THOMPSON,Spora,2803018756,2803.018756,45.98967327
20,05TG006,SAPOCHI RIVER NEAR NELSON HOUSE,Discon,143384777.6,143.3847776,33.66233367
21,05TG006,SAPOCHI RIVER NEAR NELSON HOUSE,Isol,149824891.8,149.8248918,35.17427432
22,05TG006,SAPOCHI RIVER NEAR NELSON HOUSE,Spora,132740530.6,132.7405306,31.16339202
23,05UF004,KETTLE RIVER NEAR GILLAM,Discon,1381909464,1381.909464,70.41935067
24,05UF004,KETTLE RIVER NEAR GILLAM,Spora,580490715.9,580.4907159,29.58064933
25,05UH001,ANGLING RIVER NEAR BIRD,Cont,43947717.35,43.94771735,2.843350817
26,05UH001,ANGLING RIVER NEAR BIRD,Discon,1481963250,1481.96325,95.88077994
27,05UH001,ANGLING RIVER NEAR BIRD,Spora,19720233.11,19.72023311,1.275869244
28,05UH002,WEIR RIVER ABOVE THE MOUTH,Cont,490723829.7,490.7238297,22.35755608
29,05UH002,WEIR RIVER ABOVE THE MOUTH,Discon,1660477950,1660.47795,75.65197907
30,05UH002,WEIR RIVER ABOVE THE MOUTH,Spora,43688520.06,43.68852006,1.990464856
31,06BA002,DILLON RIVER BELOW DILLON LAKE,Isol,248655704.9,248.6557049,10.63796893
32,06BB005,CANOE RIVER NEAR BEAUVAL,Isol,1205983653,1205.983653,25.97558722
33,06BB005,CANOE RIVER NEAR BEAUVAL,Spora,53182215.61,53.18221561,1.145487566
34,06BD001,HAULTAIN RIVER ABOVE NORBERT RIVER,Isol,2778488971,2778.488971,75.78746506
35,06BD001,HAULTAIN RIVER ABOVE NORBERT RIVER,Spora,887670029,887.670029,24.21253494
36,06CD002,CHURCHILL RIVER ABOVE OTTER RAPIDS,Isol,49530402862,49530.40286,41.80783733
37,06CD002,CHURCHILL RIVER ABOVE OTTER RAPIDS,Spora,4169261339,4169.261339,3.519208199
38,06DA004,GEIKIE RIVER BELOW WHEELER RIVER,Isol,218151938.2,218.1519382,2.813579347
39,06DA004,GEIKIE RIVER BELOW WHEELER RIVER,Spora,7535385861,7535.385861,97.18642064
40,06DA005,WHEELER RIVER BELOW RUSSELL LAKE,Isol,83821829.94,83.82182994,3.05129659
41,06DA005,WHEELER RIVER BELOW RUSSELL LAKE,Spora,2663267070,2663.26707,96.94870341
42,06DC001,WATHAMAN RIVER BELOW WATHAMAN LAKE,Isol,5338032078,5338.032078,52.13043725
43,06DC001,WATHAMAN RIVER BELOW WATHAMAN LAKE,Spora,4901728722,4901.728722,47.86956275
44,06FB002,LITTLE BEAVER RIVER NEAR THE MOUTH,Cont,3536387888,3536.387888,82.80403774
45,06FB002,LITTLE BEAVER RIVER NEAR THE MOUTH,Discon,734403711.9,734.4037119,17.19596226
46,06FC001,LITTLE CHURCHILL RIVER ABOVE RECLUSE LAKE,Cont,15309651.55,15.30965155,0.249312462
47,06FC001,LITTLE CHURCHILL RIVER ABOVE RECLUSE LAKE,Discon,4096346270,4096.34627,66.70760418
48,06FC001,LITTLE CHURCHILL RIVER ABOVE RECLUSE LAKE,Spora,2029092679,2029.092679,33.04308336
49,06GD001,SEAL RIVER BELOW GREAT ISLAND,Cont,37660689953,37660.68995,78.25944368
50,06GD001,SEAL RIVER BELOW GREAT ISLAND,Discon,10274064689,10274.06469,21.349651
51,06GD001,SEAL RIVER BELOW GREAT ISLAND,Spora,188114857.5,188.1148575,0.390905321
52,06LC001,KAZAN RIVER ABOVE KAZAN FALLS,Cont,67722929820,67722.92982,98.47624108
53,06LC001,KAZAN RIVER ABOVE KAZAN FALLS,Discon,26554274.72,26.55427472,0.0386127
54,06OA007,BROWN RIVER AT THE OUTLET OF BROWN LAKE,Cont,4695522300,4695.5223,100
55,07BF905,SOUTH HEART RIVER NEAR BIG PRAIRIE SETTLEMENT,Isol,203937671.3,203.9376713,3.406385746
56,07BF905,SOUTH HEART RIVER NEAR BIG PRAIRIE SETTLEMENT,Spora,6121180.429,6.121180429,0.102242522
57,07BK001,LESSER SLAVE RIVER AT SLAVE LAKE,Isol,682083683.7,682.0836837,5.035035403
58,07BK001,LESSER SLAVE RIVER AT SLAVE LAKE,Spora,22637905.51,22.63790551,0.167109489
59,07BK007,DRIFTWOOD RIVER NEAR THE MOUTH,Isol,63156318.43,63.15631843,3.002329481
60,07CD001,CLEARWATER RIVER AT DRAPER,Isol,12367006215,12367.00621,40.15779741
61,07CD001,CLEARWATER RIVER AT DRAPER,Spora,5154409253,5154.409253,16.73725387
62,07DA001,ATHABASCA RIVER BELOW FORT MCMURRAY,Cont,19821322.29,19.82132229,0.01692807
63,07DA001,ATHABASCA RIVER BELOW FORT MCMURRAY,Discon,1554997899,1554.997899,1.328020007
64,07DA001,ATHABASCA RIVER BELOW FORT MCMURRAY,Isol,13297541197,13297.5412,11.35654316
65,07DA001,ATHABASCA RIVER BELOW FORT MCMURRAY,Spora,6395215349,6395.215349,5.461726952
66,07EA004,INGENIKA RIVER ABOVE SWANNELL RIVER,Isol,1702610485,1702.610485,41.10069635
67,07EA004,INGENIKA RIVER ABOVE SWANNELL RIVER,Spora,1365179141,1365.179141,32.95516728
68,07EA005,FINLAY RIVER ABOVE AKIE RIVER,Cont,121732043.8,121.7320438,0.777896539
69,07EA005,FINLAY RIVER ABOVE AKIE RIVER,Discon,947921911.2,947.9219112,6.057445115
70,07EA005,FINLAY RIVER ABOVE AKIE RIVER,Isol,5300855947,5300.855947,33.8737227
71,07EA005,FINLAY RIVER ABOVE AKIE RIVER,Spora,4097364718,4097.364718,26.18312922
72,07EB002,OSPIKA RIVER ABOVE ALEY CREEK,Discon,322183960.4,322.1839604,15.40885994
73,07EB002,OSPIKA RIVER ABOVE ALEY CREEK,Isol,638526078,638.526078,30.53832628
74,07EB002,OSPIKA RIVER ABOVE ALEY CREEK,Spora,891313733.2,891.3137332,42.62821918
75,07EC002,OMINECA RIVER ABOVE OSILINKA RIVER,Isol,1531786039,1531.786039,28.56661247
76,07EC002,OMINECA RIVER ABOVE OSILINKA RIVER,Spora,11566799.79,11.56679979,0.215711776
77,07EC003,MESILINKA RIVER ABOVE GOPHERHOLE CREEK,Isol,1329933614,1329.933614,44.59096782
78,07EC003,MESILINKA RIVER ABOVE GOPHERHOLE CREEK,Spora,228245657.2,228.2456572,7.652784054
79,07EC004,OSILINKA RIVER NEAR END LAKE,Isol,881211106.2,881.2111062,45.37792151
80,07EC004,OSILINKA RIVER NEAR END LAKE,Spora,23701120.68,23.70112068,1.220488015
81,07ED003,NATION RIVER NEAR THE MOUTH,Isol,230380494.8,230.3804948,3.397413998
82,07EF004,CARBON CREEK NEAR THE MOUTH,Isol,219366290.1,219.3662901,29.79309902
83,07EF004,CARBON CREEK NEAR THE MOUTH,Spora,62013678.41,62.01367841,8.422349944
84,07FA005,GRAHAM RIVER ABOVE COLT CREEK,Discon,100346676.9,100.3466769,4.69231326
85,07FA005,GRAHAM RIVER ABOVE COLT CREEK,Isol,533626493.7,533.6264937,24.95292071
86,07FA005,GRAHAM RIVER ABOVE COLT CREEK,Spora,355947694.6,355.9476946,16.64447831
87,07FA006,HALFWAY RIVER NEAR FARRELL CREEK,Discon,659929444.4,659.9294444,7.105463735
88,07FA006,HALFWAY RIVER NEAR FARRELL CREEK,Isol,2264648941,2264.648941,24.38348684
89,07FA006,HALFWAY RIVER NEAR FARRELL CREEK,Spora,1121599674,1121.599674,12.07626948
90,07FB001,PINE RIVER AT EAST PINE,Isol,2164413873,2164.413873,17.83428247
91,07FB001,PINE RIVER AT EAST PINE,Spora,486538843.6,486.5388436,4.008970408
92,07FB002,MURRAY RIVER NEAR THE MOUTH,Isol,1098549426,1098.549426,19.79845317
93,07FB002,MURRAY RIVER NEAR THE MOUTH,Spora,299950345.8,299.9503458,5.405813099
94,07FB003,SUKUNKA RIVER NEAR THE MOUTH,Isol,783370341.8,783.3703418,30.27206559
95,07FB003,SUKUNKA RIVER NEAR THE MOUTH,Spora,91470016.63,91.47001663,3.534709185
96,07FB008,MOBERLY RIVER NEAR FORT ST. JOHN,Isol,89428033.09,89.42803309,5.898752224
97,07FB008,MOBERLY RIVER NEAR FORT ST. JOHN,Spora,55365654.43,55.36565443,3.651967575
98,07FD004,ALCES RIVER AT 22ND BASE LINE,Isol,116932492.4,116.9324924,37.82508073
99,07FD004,ALCES RIVER AT 22ND BASE LINE,Spora,28400267.44,28.40026744,9.186859757
100,07HA003,HEART RIVER NEAR NAMPA,Isol,153222712.7,153.2227127,7.828016421
101,07HC001,NOTIKEWIN RIVER AT MANNING,Discon,115848702.8,115.8487028,2.478008213
102,07HC001,NOTIKEWIN RIVER AT MANNING,Isol,1642271198,1642.271198,35.12824415
103,07HC001,NOTIKEWIN RIVER AT MANNING,Spora,434267784.1,434.2677841,9.289004619
104,07JD002,WABASCA RIVER AT HIGHWAY NO. 88,Isol,8415832788,8415.832788,23.44015812
105,07JD002,WABASCA RIVER AT HIGHWAY NO. 88,Spora,1656552479,1656.552479,4.613904889
106,07KC001,PEACE RIVER AT PEACE POINT (ALBERTA),Cont,214080132.8,214.0801328,0.071466239
107,07KC001,PEACE RIVER AT PEACE POINT (ALBERTA),Discon,9970574797,9970.574797,3.328470851
108,07KC001,PEACE RIVER AT PEACE POINT (ALBERTA),Isol,71574775703,71574.7757,23.89376334
109,07KC001,PEACE RIVER AT PEACE POINT (ALBERTA),Spora,34766498460,34766.49846,11.60607879
110,07LB002,WATERFOUND RIVER BELOW THERIAU LAKE,Discon,381705362.5,381.7053625,12.01534563
111,07LB002,WATERFOUND RIVER BELOW THERIAU LAKE,Spora,2795110138,2795.110138,87.98465437
112,07LE002,FOND DU LAC RIVER AT OUTLET OF BLACK LAKE,Cont,10890641197,10890.6412,20.9111776
113,07LE002,FOND DU LAC RIVER AT OUTLET OF BLACK LAKE,Discon,14872491047,14872.49105,28.5567485
114,07LE002,FOND DU LAC RIVER AT OUTLET OF BLACK LAKE,Isol,1229273316,1229.273316,2.360334177
115,07LE002,FOND DU LAC RIVER AT OUTLET OF BLACK LAKE,Spora,24895150488,24895.15049,47.80130976
116,07MA003,DOUGLAS RIVER NEAR CLUFF LAKE,Isol,1148297666,1148.297666,66.28466269
117,07MA003,DOUGLAS RIVER NEAR CLUFF LAKE,Spora,543161262.9,543.1612629,31.353596
118,07MB001,MACFARLANE RIVER AT OUTLET OF DAVY LAKE,Isol,526838201.5,526.8382015,5.76112467
119,07MB001,MACFARLANE RIVER AT OUTLET OF DAVY LAKE,Spora,8617872798,8617.872798,94.23887533
120,07NB001,SLAVE RIVER AT FITZGERALD (ALBERTA),Cont,14004664918,14004.66492,2.325891786
121,07NB001,SLAVE RIVER AT FITZGERALD (ALBERTA),Discon,35240855067,35240.85507,5.852793753
122,07NB001,SLAVE RIVER AT FITZGERALD (ALBERTA),Isol,1.33107E+11,133107.2802,22.10642893
123,07NB001,SLAVE RIVER AT FITZGERALD (ALBERTA),Spora,1.13899E+11,113899.4292,18.9163931
124,07OB001,HAY RIVER NEAR HAY RIVER,Cont,43022361.62,43.02236162,0.083675942
125,07OB001,HAY RIVER NEAR HAY RIVER,Discon,8258736751,8258.736751,16.06275325
126,07OB001,HAY RIVER NEAR HAY RIVER,Isol,15590993158,15590.99316,30.32355716
127,07OB001,HAY RIVER NEAR HAY RIVER,Spora,22176658961,22176.65896,43.13228662
128,07OC001,CHINCHAGA RIVER NEAR HIGH LEVEL,Cont,27767982.12,27.76798212,0.266128281
129,07OC001,CHINCHAGA RIVER NEAR HIGH LEVEL,Discon,708489663.9,708.4896639,6.790163417
130,07OC001,CHINCHAGA RIVER NEAR HIGH LEVEL,Isol,4511531484,4511.531484,43.23850805
131,07OC001,CHINCHAGA RIVER NEAR HIGH LEVEL,Spora,2891000985,2891.000985,27.70734723
132,07RD001,LOCKHART RIVER AT OUTLET OF ARTILLERY LAKE,Cont,26594565621,26594.56562,99.9204051
133,07SA002,SNARE RIVER BELOW GHOST RIVER,Cont,13432355520,13432.35552,99.19396784
134,07SA002,SNARE RIVER BELOW GHOST RIVER,Discon,109148880.1,109.1488801,0.806032158
135,07SB002,YELLOWKNIFE RIVER AT OUTLET OF PROSPEROUS LAKE,Cont,12796973151,12796.97315,79.90013287
136,07SB002,YELLOWKNIFE RIVER AT OUTLET OF PROSPEROUS LAKE,Discon,3219236949,3219.236949,20.09986713
137,07SB010,CAMERON RIVER BELOW REID LAKE,Cont,2664242025,2664.242025,71.97882742
138,07SB010,CAMERON RIVER BELOW REID LAKE,Discon,1037182575,1037.182575,28.02117258
139,07SB013,BAKER CREEK AT OUTLET OF LOWER MARTIN LAKE,Discon,143768700,143.7687,100
140,07TA001,LA MARTRE RIVER BELOW OUTLET OF LAC LA MARTRE,Cont,11036365688,11036.36569,77.45780949
141,07TA001,LA MARTRE RIVER BELOW OUTLET OF LAC LA MARTRE,Discon,2573752839,2573.752839,18.06366903
142,08AA003,DEZADEASH RIVER AT HAINES JUNCTION,Discon,2094716664,2094.716664,24.90822028
143,08AA003,DEZADEASH RIVER AT HAINES JUNCTION,Isol,2462069898,2462.069898,29.27640784
144,08AA003,DEZADEASH RIVER AT HAINES JUNCTION,Spora,2821404739,2821.404739,33.54924891
145,08AA008,SEKULMUN RIVER AT OUTLET OF SEKULMUN LAKE,Discon,993369833.7,993.3698337,80.97220408
146,08AA008,SEKULMUN RIVER AT OUTLET OF SEKULMUN LAKE,Isol,18892838.15,18.89283815,1.540005237
147,08AA008,SEKULMUN RIVER AT OUTLET OF SEKULMUN LAKE,Spora,214540828.2,214.5408282,17.48779068
148,08AA009,GILTANA CREEK NEAR THE MOUTH,Discon,38824003.74,38.82400374,21.02722953
149,08AA009,GILTANA CREEK NEAR THE MOUTH,Isol,37883268.12,37.88326812,20.51772351
150,08AA009,GILTANA CREEK NEAR THE MOUTH,Spora,107929528.2,107.9295282,58.45504697
151,08AA010,AISHIHIK RIVER BELOW AISHIHIK LAKE,Discon,1837184517,1837.184517,62.33684934
152,08AA010,AISHIHIK RIVER BELOW AISHIHIK LAKE,Isol,105572032.5,105.5720325,3.582126792
153,08AA010,AISHIHIK RIVER BELOW AISHIHIK LAKE,Spora,1004432050,1004.43205,34.08102387
154,08AB001,ALSEK RIVER ABOVE BATES RIVER,Cont,1031696168,1031.696168,6.719954453
155,08AB001,ALSEK RIVER ABOVE BATES RIVER,Discon,2314685705,2314.685705,15.07670862
156,08AB001,ALSEK RIVER ABOVE BATES RIVER,Isol,5149188191,5149.188191,33.5392446
157,08AB001,ALSEK RIVER ABOVE BATES RIVER,Spora,4277623773,4277.623773,27.86230852
158,08AC001,TAKHANNE RIVER AT KM 167 HAINES HIGHWAY,Isol,295598185.3,295.5981853,78.61235715
159,08AC001,TAKHANNE RIVER AT KM 167 HAINES HIGHWAY,Spora,76773965.2,76.7739652,20.41752173
160,08AC002,TATSHENSHINI RIVER NEAR DALTON POST,Isol,1235305742,1235.305742,71.05656135
161,08AC002,TATSHENSHINI RIVER NEAR DALTON POST,Spora,193858712.7,193.8587127,11.15103172
162,08CD001,TUYA RIVER NEAR TELEGRAPH CREEK,Isol,1234593535,1234.593535,34.80489619
163,08CD001,TUYA RIVER NEAR TELEGRAPH CREEK,Spora,493747974.5,493.7479745,13.91943705
164,08CE001,STIKINE RIVER AT TELEGRAPH CREEK,Cont,3765516.45,3.76551645,0.013007926
165,08CE001,STIKINE RIVER AT TELEGRAPH CREEK,Discon,16802499.27,16.80249927,0.05804401
166,08CE001,STIKINE RIVER AT TELEGRAPH CREEK,Isol,9816169068,9816.169068,33.90982521
167,08CE001,STIKINE RIVER AT TELEGRAPH CREEK,Spora,6532996093,6532.996093,22.56814793
168,08CG001,ISKUT RIVER BELOW JOHNSON RIVER,Isol,2838254005,2838.254005,29.88100491
169,08CG001,ISKUT RIVER BELOW JOHNSON RIVER,Spora,259691444.9,259.6914449,2.73401934
170,08DA005,SURPRISE CREEK NEAR THE MOUTH,Isol,1085930.891,1.085930891,0.490625294
171,08DB001,NASS RIVER ABOVE SHUMAL CREEK,Isol,4101299629,4101.299629,22.41899247
172,08DB001,NASS RIVER ABOVE SHUMAL CREEK,Spora,5704988.55,5.70498855,0.03118526
173,08EB004,KISPIOX RIVER NEAR HAZELTON,Isol,155705219.1,155.7052191,8.374857632
174,08JD006,DRIFTWOOD RIVER ABOVE KASTBERG CREEK,Isol,53230742.43,53.23074243,14.6284399
175,09AA006,ATLIN RIVER NEAR ATLIN,Discon,2349621.714,2.349621714,0.034106133
176,09AA006,ATLIN RIVER NEAR ATLIN,Isol,3198745655,3198.745655,46.43166363
177,09AA006,ATLIN RIVER NEAR ATLIN,Spora,367468573.5,367.4685735,5.33402122
178,09AA012,WHEATON RIVER NEAR CARCROSS,Discon,6921301.41,6.92130141,0.802630813
179,09AA012,WHEATON RIVER NEAR CARCROSS,Isol,349146981.7,349.1469817,40.48893543
180,09AA012,WHEATON RIVER NEAR CARCROSS,Spora,481747872.5,481.7478725,55.86603787
181,09AB001,YUKON RIVER AT WHITEHORSE,Discon,74800191.84,74.80019184,0.37981917
182,09AB001,YUKON RIVER AT WHITEHORSE,Isol,9133067543,9133.067543,46.37573843
183,09AB001,YUKON RIVER AT WHITEHORSE,Spora,2575166227,2575.166227,13.07613623
184,09AC007,IBEX RIVER NEAR WHITEHORSE,Discon,41502848.24,41.50284824,9.564618098
185,09AC007,IBEX RIVER NEAR WHITEHORSE,Isol,52296263.33,52.29626333,12.05203517
186,09AC007,IBEX RIVER NEAR WHITEHORSE,Spora,340121488.3,340.1214883,78.38334671
187,09AE003,SWIFT RIVER NEAR SWIFT RIVER,Isol,1177546931,1177.546931,34.71772771
188,09AE003,SWIFT RIVER NEAR SWIFT RIVER,Spora,1329605746,1329.605746,39.20089215
189,09AE006,MORELY RIVER AT KM 1251 ALASKA HIGHWAY,Isol,312100609.2,312.1006092,19.79657892
190,09AE006,MORELY RIVER AT KM 1251 ALASKA HIGHWAY,Spora,492099529,492.099529,31.21393191
191,09AH003,BIG CREEK NEAR THE MOUTH,Cont,169892795.2,169.8927952,9.442992932
192,09AH003,BIG CREEK NEAR THE MOUTH,Discon,1036174397,1036.174397,57.59271602
193,09AH003,BIG CREEK NEAR THE MOUTH,Spora,593074207.4,593.0742074,32.96429105
194,09AH004,NORDENSKIOLD RIVER BELOW ROWLINSON CREEK,Discon,2280516873,2280.516873,35.24331482
195,09AH004,NORDENSKIOLD RIVER BELOW ROWLINSON CREEK,Isol,1314779241,1314.779241,20.31871777
196,09AH004,NORDENSKIOLD RIVER BELOW ROWLINSON CREEK,Spora,2875482486,2875.482486,44.43796741
197,09BA001,ROSS RIVER AT ROSS RIVER,Discon,418892505.5,418.8925055,5.837439757
198,09BA001,ROSS RIVER AT ROSS RIVER,Isol,5546590519,5546.590519,77.29402553
199,09BA001,ROSS RIVER AT ROSS RIVER,Spora,1119925007,1119.925007,15.60661668
200,09BC001,PELLY RIVER AT PELLY CROSSING,Discon,4172753693,4172.753693,8.536271526
201,09BC001,PELLY RIVER AT PELLY CROSSING,Isol,30279889361,30279.88936,61.94407252
202,09BC001,PELLY RIVER AT PELLY CROSSING,Spora,12823771525,12823.77153,26.23380237
203,09BC004,PELLY RIVER BELOW VANGORDA CREEK,Discon,1332291417,1332.291417,6.072331062
204,09BC004,PELLY RIVER BELOW VANGORDA CREEK,Isol,13915142077,13915.14208,63.42257287
205,09BC004,PELLY RIVER BELOW VANGORDA CREEK,Spora,5247095078,5247.095078,23.9152621
206,09CA004,DUKE RIVER NEAR THE MOUTH,Cont,234863004.8,234.8630048,36.05032011
207,09CA004,DUKE RIVER NEAR THE MOUTH,Discon,94622805.08,94.62280508,14.52413681
208,09CA004,DUKE RIVER NEAR THE MOUTH,Isol,45316823.98,45.31682398,6.955910372
209,09CA004,DUKE RIVER NEAR THE MOUTH,Spora,276683966.1,276.6839661,42.46963271
210,09CA006,NISLING RIVER BELOW ONION CREEK,Cont,179193271.5,179.1932715,2.259064914
211,09CA006,NISLING RIVER BELOW ONION CREEK,Discon,7752994529,7752.994529,97.74093509
212,09CB001,WHITE RIVER AT KILOMETRE 1881.6 ALASKA HIGHWAY,Cont,1921583354,1921.583354,31.81274438
213,09CB001,WHITE RIVER AT KILOMETRE 1881.6 ALASKA HIGHWAY,Discon,2434500317,2434.500317,40.30433347
214,09CB001,WHITE RIVER AT KILOMETRE 1881.6 ALASKA HIGHWAY,Isol,21958920.79,21.95892079,0.363540584
215,09CB001,WHITE RIVER AT KILOMETRE 1881.6 ALASKA HIGHWAY,Spora,919103663.7,919.1036637,15.21620691
216,09CD001,YUKON RIVER ABOVE WHITE RIVER,Cont,2173411897,2173.411897,1.456381153
217,09CD001,YUKON RIVER ABOVE WHITE RIVER,Discon,12471748063,12471.74806,8.35719122
218,09CD001,YUKON RIVER ABOVE WHITE RIVER,Isol,64806722284,64806.72228,43.42632386
219,09CD001,YUKON RIVER ABOVE WHITE RIVER,Spora,39308065330,39308.06533,26.33993381
220,09DB001,BEAVER RIVER BELOW MATSON CREEK,Cont,1054874402,1054.874402,22.10943604
221,09DB001,BEAVER RIVER BELOW MATSON CREEK,Discon,3498454652,3498.454652,73.32518377
222,09DB001,BEAVER RIVER BELOW MATSON CREEK,Spora,217821145.7,217.8211457,4.565380183
223,09DD003,STEWART RIVER AT THE MOUTH,Cont,2955837158,2955.837158,5.792972032
224,09DD003,STEWART RIVER AT THE MOUTH,Discon,22721356693,22721.35669,44.5302555
225,09DD003,STEWART RIVER AT THE MOUTH,Isol,5583401914,5583.401914,10.94258222
226,09DD003,STEWART RIVER AT THE MOUTH,Spora,19763941234,19763.94123,38.73419025
227,09DD004,MCQUESTEN RIVER NEAR THE MOUTH,Cont,721499230.8,721.4992308,15.22617951
228,09DD004,MCQUESTEN RIVER NEAR THE MOUTH,Discon,2922067792,2922.067792,61.66594065
229,09DD004,MCQUESTEN RIVER NEAR THE MOUTH,Spora,1094977077,1094.977077,23.10787984
230,09EA003,KLONDIKE RIVER ABOVE BONANZA CREEK,Cont,2930328776,2930.328776,37.47364479
231,09EA003,KLONDIKE RIVER ABOVE BONANZA CREEK,Discon,4889377024,4889.377024,62.5263552
232,09EA004,NORTH KLONDIKE RIVER NEAR THE MOUTH,Cont,749174646.4,749.1746464,65.89523415
233,09EA004,NORTH KLONDIKE RIVER NEAR THE MOUTH,Discon,387743153.8,387.7431538,34.10476586
234,09EB003,INDIAN RIVER ABOVE THE MOUTH,Cont,220380432.4,220.3804324,9.949447552
235,09EB003,INDIAN RIVER ABOVE THE MOUTH,Discon,1994621268,1994.621268,90.05055245
236,09EB004,SIXTY MILE RIVER NEAR THE MOUTH,Cont,2761229881,2761.229881,90.31771594
237,09EB004,SIXTY MILE RIVER NEAR THE MOUTH,Discon,296010719.4,296.0107194,9.682284064
238,09FD002,PORCUPINE RIVER NEAR INTERNATIONAL BOUNDARY,Cont,55714545177,55714.54518,94.53959301
239,09FD002,PORCUPINE RIVER NEAR INTERNATIONAL BOUNDARY,Discon,3217954322,3217.954322,5.46040699
240,10AA001,LIARD RIVER AT UPPER CROSSING,Discon,841999612.3,841.9996123,2.580500172
241,10AA001,LIARD RIVER AT UPPER CROSSING,Isol,10335766255,10335.76625,31.67631696
242,10AA001,LIARD RIVER AT UPPER CROSSING,Spora,9416118583,9416.118583,28.85784657
243,10AA004,RANCHERIA RIVER NEAR THE MOUTH,Discon,23774265.47,23.77426547,0.461159545
244,10AA004,RANCHERIA RIVER NEAR THE MOUTH,Isol,1295915701,1295.915701,25.13742836
245,10AA004,RANCHERIA RIVER NEAR THE MOUTH,Spora,1921741771,1921.741771,37.27684296
246,10AA005,BIG CREEK AT KM 1084.8 ALASKA HIGHWAY,Isol,169202289.8,169.2022898,16.73963841
247,10AA005,BIG CREEK AT KM 1084.8 ALASKA HIGHWAY,Spora,197838441.1,197.8384411,19.57269002
248,10AB001,FRANCES RIVER NEAR WATSON LAKE,Discon,707849173.8,707.8491738,5.533000443
249,10AB001,FRANCES RIVER NEAR WATSON LAKE,Isol,4555142386,4555.142386,35.6058971
250,10AB001,FRANCES RIVER NEAR WATSON LAKE,Spora,3723201778,3723.201778,29.10291889
251,10AC005,COTTONWOOD RIVER ABOVE BASS CREEK,Discon,314458.9639,0.314458964,0.035712708
252,10AC005,COTTONWOOD RIVER ABOVE BASS CREEK,Isol,225838110.5,225.8381105,25.64814935
253,10AC005,COTTONWOOD RIVER ABOVE BASS CREEK,Spora,514220304.7,514.2203047,58.39935139
254,10BE004,TOAD RIVER ABOVE NONDA CREEK,Cont,65281246.6,65.2812466,2.549335678
255,10BE004,TOAD RIVER ABOVE NONDA CREEK,Discon,1347642454,1347.642454,52.6275641
256,10BE004,TOAD RIVER ABOVE NONDA CREEK,Isol,429614590.8,429.6145908,16.7771276
257,10BE004,TOAD RIVER ABOVE NONDA CREEK,Spora,713071099.7,713.0710997,27.8465515
258,10BE007,TROUT RIVER AT KILOMETRE 783.7 ALASKA HIGHWAY,Discon,358861349.4,358.8613494,30.11380868
259,10BE007,TROUT RIVER AT KILOMETRE 783.7 ALASKA HIGHWAY,Isol,389228888.5,389.2288885,32.66209721
260,10BE007,TROUT RIVER AT KILOMETRE 783.7 ALASKA HIGHWAY,Spora,421651886.5,421.6518865,35.38286934
261,10BE009,TEETER CREEK NEAR THE MOUTH,Isol,132627536.3,132.6275363,62.94510359
262,10BE009,TEETER CREEK NEAR THE MOUTH,Spora,34375215.72,34.37521572,16.31449678
263,10BE013,SMITH RIVER NEAR THE MOUTH,Isol,2783870575,2783.870575,72.5701522
264,10BE013,SMITH RIVER NEAR THE MOUTH,Spora,412757362.9,412.7573629,10.75979067
265,10CB001,SIKANNI CHIEF RIVER NEAR FORT NELSON,Cont,55574639.63,55.57463963,2.545799942
266,10CB001,SIKANNI CHIEF RIVER NEAR FORT NELSON,Discon,712474054.1,712.4740541,32.63748389
267,10CB001,SIKANNI CHIEF RIVER NEAR FORT NELSON,Isol,554977168.1,554.9771681,25.42276211
268,10CB001,SIKANNI CHIEF RIVER NEAR FORT NELSON,Spora,637318928.3,637.3189283,29.19472806
269,10CD001,MUSKWA RIVER NEAR FORT NELSON,Cont,2294425568,2294.425568,11.32723942
270,10CD001,MUSKWA RIVER NEAR FORT NELSON,Discon,3892956373,3892.956373,19.2189494
271,10CD001,MUSKWA RIVER NEAR FORT NELSON,Isol,6489310370,6489.31037,32.03676478
272,10CD001,MUSKWA RIVER NEAR FORT NELSON,Spora,3287979735,3287.979735,16.23226928
273,10CD003,RASPBERRY CREEK NEAR THE MOUTH,Isol,196962862.6,196.9628626,71.68210766
274,10CD005,ADSETT CREEK AT KILOMETRE 386.0 ALASKA HIGHWAY,Isol,11260464.48,11.26046448,10.15859243
275,10EB001,SOUTH NAHANNI RIVER ABOVE VIRGINIA FALLS,Cont,3279170441,3279.170441,22.46911226
276,10EB001,SOUTH NAHANNI RIVER ABOVE VIRGINIA FALLS,Discon,8125047191,8125.047191,55.67340908
277,10EB001,SOUTH NAHANNI RIVER ABOVE VIRGINIA FALLS,Isol,516327619.2,516.3276192,3.537914068
278,10EB001,SOUTH NAHANNI RIVER ABOVE VIRGINIA FALLS,Spora,2673580249,2673.580249,18.3195646
279,10ED002,LIARD RIVER NEAR THE MOUTH,Cont,17080421881,17080.42188,6.244632315
280,10ED002,LIARD RIVER NEAR THE MOUTH,Discon,72260219519,72260.21952,26.41846349
281,10ED002,LIARD RIVER NEAR THE MOUTH,Isol,68371434147,68371.43415,24.99671671
282,10ED002,LIARD RIVER NEAR THE MOUTH,Spora,63180246393,63180.24639,23.09880933
283,10ED003,BIRCH RIVER AT HIGHWAY NO. 7,Cont,102209.4838,0.102209484,0.018592278
284,10ED003,BIRCH RIVER AT HIGHWAY NO. 7,Discon,518944805.1,518.9448051,94.39795082
285,10ED003,BIRCH RIVER AT HIGHWAY NO. 7,Spora,30694585.31,30.69458531,5.583456903
286,10ED007,BLACKSTONE RIVER AT HIGHWAY NO. 7,Cont,44810581.08,44.81058108,3.187886975
287,10ED007,BLACKSTONE RIVER AT HIGHWAY NO. 7,Discon,1332928315,1332.928315,94.82637161
288,10ED007,BLACKSTONE RIVER AT HIGHWAY NO. 7,Spora,27912604.09,27.91260409,1.985741422
289,10ED009,SCOTTY CREEK AT HIGHWAY NO. 7,Discon,129825900,129.8259,99.99999999
290,10FA002,TROUT RIVER AT HIGHWAY NO. 1,Cont,2906569886,2906.569886,32.19486955
291,10FA002,TROUT RIVER AT HIGHWAY NO. 1,Discon,5976957807,5976.957807,66.20428355
292,10FA002,TROUT RIVER AT HIGHWAY NO. 1,Spora,36499978.3,36.4999783,0.404295127
293,10FB005,JEAN-MARIE RIVER AT HIGHWAY NO. 1,Cont,42230660.25,42.23066025,3.352257476
294,10FB005,JEAN-MARIE RIVER AT HIGHWAY NO. 1,Discon,1217537140,1217.53714,96.64774252
295,10GC001,MACKENZIE RIVER AT FORT SIMPSON,Cont,1.78912E+11,178911.85,13.75411608
296,10GC001,MACKENZIE RIVER AT FORT SIMPSON,Discon,2.47003E+11,247003.142,18.988736
297,10GC001,MACKENZIE RIVER AT FORT SIMPSON,Isol,2.20562E+11,220562.329,16.95605895
298,10GC001,MACKENZIE RIVER AT FORT SIMPSON,Spora,2.71906E+11,271905.5193,20.90314349
299,10GC003,MARTIN RIVER AT HIGHWAY NO. 1,Cont,78466719.4,78.4667194,3.787981541
300,10GC003,MARTIN RIVER AT HIGHWAY NO. 1,Discon,1835834289,1835.834289,88.62491578
301,10GC003,MARTIN RIVER AT HIGHWAY NO. 1,Spora,157164191.6,157.1641916,7.587102675
302,10JA002,CAMSELL RIVER AT OUTLET OF CLUT LAKE,Cont,31617227157,31617.22716,98.4088482
303,10JA002,CAMSELL RIVER AT OUTLET OF CLUT LAKE,Discon,378358445.6,378.3584456,1.177643398
304,10KA001,MACKENZIE RIVER AT NORMAN WELLS,Cont,3.98577E+11,398576.6991,25.1021063
305,10KA001,MACKENZIE RIVER AT NORMAN WELLS,Discon,2.90459E+11,290458.5399,18.29289359
306,10KA001,MACKENZIE RIVER AT NORMAN WELLS,Isol,2.20562E+11,220562.329,13.8908748
307,10KA001,MACKENZIE RIVER AT NORMAN WELLS,Spora,2.72207E+11,272206.9844,17.14342227
308,10LA002,ARCTIC RED RIVER NEAR THE MOUTH,Cont,14607058327,14607.05833,77.88460689
309,10LA002,ARCTIC RED RIVER NEAR THE MOUTH,Discon,4147685274,4147.685274,22.11539311
310,10LC003,RENGLENG RIVER BELOW HIGHWAY NO. 8 (DEMPSTER HIGHWAY),Cont,1336725900,1336.7259,99.99999997
311,10LC007,CARIBOU CREEK ABOVE HIGHWAY NO. 8 (DEMPSTER HIGHWAY),Cont,610195499.8,610.1954998,99.99999997
312,10LC014,MACKENZIE RIVER AT ARCTIC RED RIVER,Cont,4.98115E+11,498114.8435,29.36525428
313,10LC014,MACKENZIE RIVER AT ARCTIC RED RIVER,Discon,2.99282E+11,299281.8847,17.64349881
314,10LC014,MACKENZIE RIVER AT ARCTIC RED RIVER,Isol,2.20562E+11,220562.329,13.00276224
315,10LC014,MACKENZIE RIVER AT ARCTIC RED RIVER,Spora,2.72207E+11,272206.9844,16.0473582
316,10MA003,BLACKSTONE RIVER NEAR CHAPMAN LAKE AIRSTRIP,Cont,924443607.3,924.4436073,78.67741096
317,10MA003,BLACKSTONE RIVER NEAR CHAPMAN LAKE AIRSTRIP,Discon,250536092.7,250.5360927,21.32258904
318,10MC002,PEEL RIVER ABOVE FORT MCPHERSON,Cont,45832570600,45832.5706,64.84990901
319,10MC002,PEEL RIVER ABOVE FORT MCPHERSON,Discon,24842271201,24842.2712,35.15009099
320,10ND002,TRAIL VALLEY CREEK NEAR INUVIK,Cont,63056700,63.0567,100
321,10PA002,YAMBA RIVER BELOW DARING LAKE,Cont,3078844201,3078.844201,100
322,10PB001,COPPERMINE RIVER AT OUTLET OF POINT LAKE,Cont,20263289159,20263.28916,99.86011779
323,10RA001,BACK RIVER BELOW BEECHY LAKE,Cont,16580288634,16580.28863,99.99999996
324,15024800,,Cont,46785103.92,46.78510392,0.092018366
325,15024800,,Discon,23120338.38,23.12033838,0.045473785
326,15024800,,Isol,16009750414,16009.75041,31.48846432
327,15024800,,Spora,7064917377,7064.917377,13.89549449
328,15041200,,Cont,11460527.87,11.46052787,0.068083228
329,15041200,,Discon,4650484.35,4.65048435,0.027626999
330,15041200,,Isol,5702229664,5702.229664,33.87507167
331,15041200,,Spora,663857359.4,663.8573594,3.943758312
332,15055500,,Isol,2707701.854,2.707701854,4.442987474
333,15056210,TAIYA R NR SKAGWAY AK,Isol,238337690.3,238.3376903,51.77270111
334,15056210,TAIYA R NR SKAGWAY AK,Spora,352723.8714,0.352723871,0.076620142
335,15088000,,Isol,1787076.126,1.787076126,1.783543675
336,15088000,,Spora,4797526.609,4.797526609,4.788043505
337,15225997,,Isol,3920721.098,3.920721098,7.706810381
338,15239060,,Isol,8666653.046,8.666653046,20.17156563
339,15239070,,Isol,105926899.8,105.9268998,47.59886074
340,15239070,,Spora,2388006.896,2.388006896,1.073064613
341,15243900,,Isol,58112029.93,58.11202993,15.11095862
342,15258000,,Isol,193969290.9,193.9692909,11.6492059
343,15266110,,Isol,333905118.9,333.9051189,10.34243044
344,15266110,,Spora,86910.57128,0.086910571,0.002691982
345,15266300,,Isol,502819953.8,502.8199538,9.735068121
346,15266300,,Spora,1582315.842,1.582315842,0.030635126
347,15271000,,Isol,70656956.27,70.65695627,11.66806975
348,15276000,,Isol,81201257.19,81.20125719,35.15502743
349,15284000,,Cont,472522311.5,472.5223115,8.86735168
350,15284000,,Discon,388882918.7,388.8829187,7.297775192
351,15284000,,Isol,1772266958,1772.266958,33.25835417
352,15284000,,Spora,1651945520,1651.94552,31.00040257
353,15290000,,Isol,101499241.7,101.4992417,63.25863888
354,15290000,,Spora,45579297.49,45.57929749,28.40695431
355,15292000,,Cont,320455501.6,320.4555016,2.017549797
356,15292000,,Discon,4344738287,4344.738287,27.3539565
357,15292000,,Isol,2235661272,2235.661272,14.07545798
358,15292000,,Spora,8589748073,8589.748073,54.08003419
359,15292700,,Cont,250467375.6,250.4673756,4.810001601
360,15292700,,Discon,951034361.4,951.0343614,18.26376306
361,15292700,,Isol,1598630078,1598.630078,30.70025873
362,15292700,,Spora,1604529482,1604.529482,30.8135515
363,15294005,,Isol,217385821.5,217.3858215,50.28587922
364,15294005,,Spora,26225349.29,26.22534929,6.066470839
365,15295700,,Isol,12799877.96,12.79987796,12.03973206
366,15295700,,Spora,51267025.34,51.26702534,48.2224323
367,15300300,,Isol,53140029.63,53.14002963,15.93244149
368,15304000,,Cont,373645606,373.645606,0.463928322
369,15304000,,Discon,2631596178,2631.596178,3.267459808
370,15304000,,Isol,48975117442,48975.11744,60.80880843
371,15304000,,Spora,24535145881,24535.14588,30.4634897
372,15356000,,Cont,46317726318,46317.72632,16.02946113
373,15356000,,Discon,75456869725,75456.86973,26.11382416
374,15356000,,Isol,71866176397,71866.1764,24.87117078
375,15356000,,Spora,62808044906,62808.04491,21.73636736
376,15453500,,Cont,1.79268E+11,179267.9821,35.68030421
377,15453500,,Discon,1.53629E+11,153629.1775,30.57732745
378,15453500,,Isol,71948348307,71948.34831,14.32011966
379,15453500,,Spora,65145171919,65145.17192,12.96606078
380,15477740,,Cont,37704019.08,37.70401908,2.15290436
381,15477740,,Discon,1679622788,1679.622788,95.90667817
382,15477740,,Spora,33982716.24,33.98271624,1.940417487
383,15478040,,Cont,3066684.45,3.06668445,9.782801903
384,15478040,,Discon,17974517.36,17.97451736,57.33917054
385,15484000,,Cont,223948928.5,223.9489285,3.926833695
386,15484000,,Discon,3219493343,3219.493343,56.45222339
387,15484000,,Isol,968144446.8,968.1444468,16.97593402
388,15484000,,Spora,1257678089,1257.678089,22.05276323
389,15485500,,Cont,9590108272,9590.108272,18.32972335
390,15485500,,Discon,23522509317,23522.50932,44.95893853
391,15485500,,Isol,4011903342,4011.903342,7.668013362
392,15485500,,Spora,13661127026,13661.12703,26.11072492
393,15493000,,Discon,1276348738,1276.348738,52.86228716
394,15493000,,Isol,8522844.704,8.522844704,0.352989
395,15493000,,Spora,1129607258,1129.607258,46.78472384
396,15511000,,Discon,112449826.2,112.4498262,11.66618189
397,15511000,,Isol,285766992.2,285.7669922,29.64708637
398,15511000,,Spora,565678886.7,565.6788867,58.68673174
399,15514000,,Discon,1400982706,1400.982706,27.1748965
400,15514000,,Isol,1023074504,1023.074504,19.84460169
401,15514000,,Spora,2731372567,2731.372567,52.98050182
402,15515060,MARGUERITE C AB EMMA C NR HEALY AK,Isol,1271798.172,1.271798172,3.138422042
403,15515060,MARGUERITE C AB EMMA C NR HEALY AK,Spora,39251692.62,39.25169262,96.86157757
404,15515500,,Cont,9790320785,9790.320785,14.79108298
405,15515500,,Discon,27427879595,27427.8796,41.43766603
406,15515500,,Isol,6571758664,6571.758664,9.928523268
407,15515500,,Spora,20859269944,20859.26994,31.51390025
408,15564879,,Cont,17755318.91,17.75531891,9.379170241
409,15564879,,Discon,171550541.5,171.5505415,90.6208298
410,15565447,,Cont,2.10728E+11,210727.5235,25.72598675
411,15565447,,Discon,2.49292E+11,249292.4424,30.43405988
412,15565447,,Isol,1.05908E+11,105908.0032,12.92943533
413,15565447,,Spora,2.18888E+11,218888.0864,26.72224262
414,15747000,,Cont,88486803.16,88.48680316,4.849042852
415,15747000,,Discon,1736343495,1736.343495,95.15095714
416,15875000,,Cont,35894845206,35894.84521,100
417,15896000,,Cont,8660701013,8660.701013,100
418,15908000,,Cont,4803606541,4803.606541,100
