"station","glacier_area_km2","glacier_percent","permafrost_class","permafrost_area","permafrost_percent","name","area_km2","latitude.c","longitude.c","area_km2_log","ppt.60","rain.60","snowfall.60","temp.60","snowmelt.60","ppt.20","rain.20","snowfall.20","temp.20","snowmelt.20","SI.20","SI.60","snowmelt.t.20","snowmelt.t.60","OBJECTID","NameNom","ecoregion1","Shape_Area","AREA","ecoreg1_percent","glacial","name.s"
"07DA001",511.5970932,0.43692096,"Unfrozen",0,80.60915916,"ATHABASCA RIVER BELOW FORT MCMURRAY",117091.4531,54.77209793,-114.5392311,11.6707105588776,624.006624876044,424.712145563291,199.294479312753,1.21068435711097,151.02882121678,605.766573708306,364.735147285862,241.031426422444,1.63895636283644,194.301095266509,19.4250068258636,21.7651945842629,118.351794648992,115.794026307638,37,"ATHABASCA RIVER BELOW FORT MCMURRAY","Northern Forests",1.04515e+11,104514.7387,89.25906852,"non-glacial","Athabasca"
"07EA005",127.9335512,0.817525638,"S",12763.29838,81.56049408,"FINLAY RIVER ABOVE AKIE RIVER",15648.87305,57.41727858,-126.221848,9.65815418379082,NA,NA,NA,NA,NA,822.980075403564,387.911896584945,435.068178818619,-2.52787959799578,316.176758556951,18.5801699608149,NA,139.56966358837,NA,40,"FINLAY RIVER ABOVE AKIE RIVER","Northwestern Forested Mountains",15648873300,15648.8733,100,"non-glacial","Finlay"
"07EC002",3.02312849,0.056378984,"S",5359.730387,99.95478286,"OMINECA RIVER ABOVE OSILINKA RIVER",5362.154785,55.87368999,-125.5212704,8.58712118540649,900.995260896788,424.002691020774,476.992569876015,-1.4882985247384,395.333838817256,898.743706749847,427.471644895209,471.272061854638,-0.00692902422245598,227.876486201301,20.8640612611257,17.5337843012598,127.4894779979,136.189312046816,42,"OMINECA RIVER ABOVE OSILINKA RIVER","Northwestern Forested Mountains",5362155000,5362.155,100,"non-glacial","Omineca"
"07FA006",0.699099053,0.007527203,"S",4128.476332,44.45132599,"HALFWAY RIVER NEAR FARRELL CREEK",9287.633789,56.68194438,-122.723784,9.13643909419817,NA,NA,NA,NA,NA,655.487420605133,382.894437926214,272.592982678918,-0.256508554504484,163.18574505717,23.1463360375226,NA,124.704355285552,NA,50,"HALFWAY RIVER NEAR FARRELL CREEK","Northwestern Forested Mountains",4862402403,4862.402403,52.35351178,"non-glacial","Halfway"
"07FB001",10.77050642,0.088746545,"S",11185.64251,92.16717308,"PINE RIVER AT EAST PINE",12136.25391,55.24084707,-121.5441927,9.4039524428596,854.106510434026,413.190678060687,440.915832373339,0.107094065932546,357.792353920345,874.971984150041,372.654328751602,502.317655398439,0.686584408812832,216.150616193797,21.7914480508578,24.643003403607,118.474394029871,129.022142712732,53,"PINE RIVER AT EAST PINE","Northwestern Forested Mountains",9876377334,9876.377334,81.37912316,"non-glacial","Pine"
"07FB002",10.77050642,0.194109944,"S",5251.661719,94.6473378,"MURRAY RIVER NEAR THE MOUTH",5548.663086,55.00831186,-121.1342526,8.62131229231753,NA,NA,NA,NA,NA,904.869497505204,456.045564677067,448.823932828138,0.55643194364959,210.263008482395,21.8939669203348,NA,119.880778601873,NA,55,"MURRAY RIVER NEAR THE MOUTH","Northwestern Forested Mountains",4685604823,4685.604823,84.44565667,"non-glacial","Murray"
"07KC001",324.5542825,0.108345756,"Unfrozen",0,55.83909138,"PEACE RIVER AT PEACE POINT (ALBERTA)",299554.2188,56.43121236,-119.5336214,12.6100507112053,633.367974478644,372.570556489568,260.797417989076,0.124586952367227,211.767193380205,625.925680034091,324.242156323962,301.683523710129,0.743850338560721,187.262617739409,17.0481964268229,19.3631217775065,120.602413859256,124.951781537811,67,"PEACE RIVER AT PEACE POINT (ALBERTA)","Northern Forests",1.81264e+11,181264.0358,60.51126155,"non-glacial","Peace"
"07NB001",857.3332961,0.142385732,"Unfrozen",0,43.948970138,"SLAVE RIVER AT FITZGERALD (ALBERTA)",602120.25,56.82465683,-115.3126083,13.308212455174,587.467041913885,368.062595125122,219.404446788763,-0.406168900156143,171.404108285507,579.544576258614,322.085814082704,257.45876217591,0.210081206695266,163.978651360063,15.0998277405522,17.2161549537134,118.022242541866,120.326711339461,75,"SLAVE RIVER AT FITZGERALD (ALBERTA)","Northern Forests",4.10151e+11,410150.9726,68.11778675,"non-glacial","Slave"
"08AA003",25.53300183,0.303612247,"D",5871.366702,69.8162657,"DEZADEASH RIVER AT HAINES JUNCTION",8409.740234,60.96910818,-137.187811,9.03714586473728,546.53265119828,219.086558163165,327.446093035115,-4.58541125767144,266.154408372647,606.237597775326,222.215922130817,384.021675644508,-3.30022823394652,162.914338377191,20.7263411121824,22.8428260590132,125.858513705651,137.45362018534,90,"DEZADEASH RIVER AT HAINES JUNCTION","Northwestern Forested Mountains",8409740400,8409.7404,100,"non-glacial","Dezadeash"
"08AB001",2758.552151,17.96783335,"D",11910.72972,77.58055495,"ALSEK RIVER ABOVE BATES RIVER",15352.72559,60.80821623,-137.6778807,9.63904830011937,NA,NA,NA,NA,NA,843.631896599205,246.046754102832,597.585142496373,-4.49748629297819,198.165560124469,19.6623703612431,NA,135.800559286763,NA,95,"ALSEK RIVER ABOVE BATES RIVER","Northwestern Forested Mountains",15352725568,15352.72557,99.99999979,"glacial","Alsek"
"08AC002",21.79190829,1.253501879,"D",1291.636126,74.296766,"TATSHENSHINI RIVER NEAR DALTON POST",1738.4823,60.03358114,-136.7958623,7.46076777020541,NA,NA,NA,NA,NA,966.079845679577,308.30731221941,657.772533460167,-2.94121264768966,291.934096850908,21.099667755005,NA,134.518134624116,NA,97,"TATSHENSHINI RIVER NEAR DALTON POST","Northwestern Forested Mountains",1738482300,1738.4823,100,"glacial","Tatshenshini"
"08CE001",176.6756788,0.610323777,"S",21917.92392,75.71517605,"STIKINE RIVER AT TELEGRAPH CREEK",28947.86133,57.92519875,-129.2907243,10.2732516056609,780.72838349282,310.053600781526,470.674782711294,-3.63984404343516,435.85267691872,829.813355274512,321.393448866048,508.419906408464,-2.09200358273487,284.216870153044,17.4724018743511,20.0479011479763,138.398138224047,143.245621626798,99,"STIKINE RIVER AT TELEGRAPH CREEK","Northwestern Forested Mountains",28947861000,28947.861,100,"non-glacial","Stikine"
"08CG001",1793.785466,18.88488917,"S",6249.579557,65.79528017,"ISKUT RIVER BELOW JOHNSON RIVER",9498.522461,57.0693391,-130.5269807,9.15889153507147,1679.89051142587,432.19910930757,1247.6914021183,-2.92177324748467,837.23883651253,1755.35250852442,438.223399757383,1317.12910876704,-0.930616576866106,469.381487335211,19.0997669532573,22.0974817043252,138.888038205262,148.138599889093,101,"ISKUT RIVER BELOW JOHNSON RIVER","Northwestern Forested Mountains",7231366092,7231.366092,76.13148273,"glacial","Iskut"
"08DA005",37.41044169,16.90209671,"S",169.0935546,76.39673536,"SURPRISE CREEK NEAR THE MOUTH",221.3361053,56.19395656,-129.5416985,5.39968238467568,NA,NA,NA,NA,NA,2045.43563119227,672.997441453628,1372.43818973865,0.547207671277612,423.236088109192,21.3318039449223,NA,133.214101985822,NA,102,"SURPRISE CREEK NEAR THE MOUTH","Marine West Coast Forest",221336100,221.3361,100,"glacial","Surprise"
"08DB013",0.075232837,0.335630134,"S",22.41540001,100,"ANSEDAGAN CREEK NEAR NEW AIYANSH",22.41539955,55.11030564,-129.266845,3.10974820256565,NA,NA,NA,NA,NA,2348.06111166202,958.452135128639,1389.60897653339,2.64369915779416,410.387620888478,19.8246130026247,NA,124.890840881419,NA,105,"ANSEDAGAN CREEK NEAR NEW AIYANSH","Marine West Coast Forest",22415400.01,22.41540001,100,"non-glacial","Ansedagan"
"08EB004",0.676664866,0.036395517,"S",1853.50894,99.69398313,"KISPIOX RIVER NEAR HAZELTON",1859.198364,55.7271678,-128.2642345,7.52790068670884,1288.08249659744,582.331931527049,705.750565070393,0.670201227989166,690.134866302479,1347.42258950845,574.939217039373,772.48337246908,2.56085325795525,316.19362964166,19.8586374405393,22.8629687481176,114.69019921534,133.461563348008,106,"KISPIOX RIVER NEAR HAZELTON","Marine West Coast Forest",984139446.6,984.1394466,52.93353558,"non-glacial","Kispox"
"08JD006",0.223823324,0.061509306,"S",363.8853,100,"DRIFTWOOD RIVER ABOVE KASTBERG CREEK",363.8853149,55.98842519,-126.8551077,5.89683874903605,NA,NA,NA,NA,NA,1095.11305031542,481.114708210857,613.998342104559,0.206881604814079,261.367706583463,20.4715995031478,NA,127.43948690912,NA,110,"DRIFTWOOD RIVER ABOVE KASTBERG CREEK","Northwestern Forested Mountains",363885300,363.8853,100,"non-glacial","Driftwood 1"
"09AA006",657.7771616,9.548020133,"S",5303.528275,76.98381411,"ATLIN RIVER NEAR ATLIN",6889.146973,59.63626747,-133.7206544,8.83770254981184,NA,NA,NA,NA,NA,981.657486655983,346.054778529285,635.602708126698,-1.14000645053917,291.134892632114,19.3156131981037,NA,134.315657911662,NA,112,"ATLIN RIVER NEAR ATLIN","Northwestern Forested Mountains",6235674124,6235.674124,90.51445618,"glacial","Atlin"
"09BA001",20.60305411,0.287112053,"D",6956.745186,96.94511217,"ROSS RIVER AT ROSS RIVER",7175.962891,62.42815194,-131.0525716,8.87849223245993,581.023195946269,310.257748830997,270.765447115271,-5.28382902371843,242.281314179437,604.430627727142,290.385875998593,314.044751728549,-4.08223314380109,177.001604179166,18.7553549498632,20.5842806482779,125.695781056731,132.942592117619,121,"ROSS RIVER AT ROSS RIVER","Northwestern Forested Mountains",4210659597,4210.659597,58.67727738,"non-glacial","Ross"
"09BC001",25.52721744,0.052221453,"D",38350.85065,78.45497207,"PELLY RIVER AT PELLY CROSSING",48882.625,62.50353788,-132.5109099,10.7971772953495,541.020904972731,295.521380001975,245.499524970756,-4.61510957580108,211.861175318946,565.715595677657,278.881730363359,286.833865314298,-3.49621456244576,156.044992988566,17.8009906129819,19.3213182996011,123.559943885705,130.999982646541,123,"PELLY RIVER AT PELLY CROSSING","Northwestern Forested Mountains",36413174313,36413.17431,74.4910354,"non-glacial","Pelly (Pelly Crossing)"
"09BC004",20.60305411,0.093904805,"D",16316.6098,74.36800634,"PELLY RIVER BELOW VANGORDA CREEK",21940.36133,62.13026242,-131.2166565,9.99608320269999,NA,NA,NA,NA,NA,588.187150457342,332.218425389183,255.968725068159,-3.90350786022238,162.144466956787,18.0706266754024,NA,127.075614828058,NA,125,"PELLY RIVER BELOW VANGORDA CREEK","Northwestern Forested Mountains",14602720276,14602.72028,66.55642362,"non-glacial","Pelly (Vangorda Creek)"
"09CA004",111.6450674,17.13697065,"D",629.6772489,96.65237149,"DUKE RIVER NEAR THE MOUTH",651.4865723,61.16032694,-139.1000108,6.47925678591505,NA,NA,NA,NA,NA,695.555745291702,250.127498097931,445.42824719377,-7.05431354235601,233.846027552745,21.8418720867858,NA,142.768294056666,NA,127,"DUKE RIVER NEAR THE MOUTH","Northwestern Forested Mountains",651486600,651.4866,100,"glacial","Duke"
"09CB001",2273.897612,37.64547779,"D",5903.416043,97.73391572,"WHITE RIVER AT KILOMETRE 1881.6 ALASKA HIGHWAY",6040.294434,61.60074637,-141.0660046,8.70620803709174,NA,NA,NA,NA,NA,807.540749471926,272.817967265527,534.722782206399,-7.9349390918194,269.768772921186,19.0366430469216,NA,150.199097330055,NA,129,"WHITE RIVER AT KILOMETRE 1881.6 ALASKA HIGHWAY","Northwestern Forested Mountains",6040294200,6040.2942,100,"glacial","White"
"09DD003",108.6104497,0.212859256,"D",49810.40127,97.62048654,"STEWART RIVER AT THE MOUTH",51024.53516,63.68654031,-134.4007471,10.8400618775925,560.104364422335,313.760966707317,246.343397715018,-5.80354503465661,215.630571438389,570.218357736389,288.227716504799,281.99064123159,-4.82572971828481,174.29489174812,17.9456927732152,19.0724764912102,128.453078471768,134.299041526123,135,"STEWART RIVER AT THE MOUTH","Northwestern Forested Mountains",31266413212,31266.41321,61.27721103,"non-glacial","Stewart"
"10AA001",16.2136035,0.049690292,"S",20781.48551,63.68961001,"LIARD RIVER AT UPPER CROSSING",32629.31836,60.83960315,-129.9995336,10.3929664993906,655.493972008971,316.14423424383,339.349737765141,-4.3831738129426,291.010432126484,687.781808504424,299.561313413756,388.220495090668,-3.18946757506917,199.76180979812,17.9589880257508,19.6712773242632,128.463670233318,135.48050232598,148,"LIARD RIVER AT UPPER CROSSING","Northwestern Forested Mountains",28684682829,28684.68283,87.91076373,"non-glacial","Liard (upper crossing)"
"10AB001",16.2136035,0.126735862,"D",11226.86113,87.75630449,"FRANCES RIVER NEAR WATSON LAKE",12793.22461,61.38628231,-129.5018648,9.45667098242078,713.252258552396,345.569815992344,367.682442560052,-5.12944140806187,331.706035024563,751.180049094432,335.719258174516,415.460790919915,-3.94079164813826,218.832153346063,18.0838050937301,NA,129.873944089751,NA,152,"FRANCES RIVER NEAR WATSON LAKE","Northwestern Forested Mountains",8848589229,8848.589229,69.16621498,"non-glacial","Frances"
"10BE004",13.56565293,0.52976015,"S",2529.939036,98.798111,"TOAD RIVER ABOVE NONDA CREEK",2560.716064,58.59952413,-125.7782649,7.84804221086136,766.804592588228,335.988581162391,430.816011425837,-5.52715134066795,416.310713626939,793.280726996701,325.734280453733,467.546446542969,-4.65084655840984,363.704540055216,18.7452312284466,21.4348547075687,141.85563246121,144.41672556004,155,"TOAD RIVER ABOVE NONDA CREEK","Northwestern Forested Mountains",2560716000,2560.716,100,"non-glacial","Toad"
"10CB001",0.461601779,0.02114536,"S",1879.193272,86.08333145,"SIKANNI CHIEF RIVER NEAR FORT NELSON",2182.993164,57.18054711,-123.4766889,7.68845222507459,719.036304924315,372.928733981137,346.107570943178,-3.08079040698254,311.507420043815,717.935675285204,340.192895821427,377.742779463777,-2.22338761149701,238.384884463976,22.0384809481541,24.3604163213512,134.00990431274,135.885992124439,159,"SIKANNI CHIEF RIVER NEAR FORT NELSON","Northwestern Forested Mountains",1851121193,1851.121193,84.79738704,"non-glacial","Sikanni"
"10CD001",105.0555268,0.518643586,"S",13571.64983,67.00122642,"MUSKWA RIVER NEAR FORT NELSON",20255.82227,58.15753993,-123.6564334,9.91619755071505,701.909289693602,421.828298435778,280.080991257824,-2.70655733928523,249.034666137181,686.114256699193,368.597171856865,317.517084842329,-1.79076294768787,186.282963070791,21.5168619587048,24.0655136353435,129.140653917525,130.831382209646,162,"MUSKWA RIVER NEAR FORT NELSON","Taiga",10450451506,10450.45151,51.59233227,"non-glacial","Muskwa"
"10ED002",818.5498238,0.299263257,"S",161454.076,59.02789447,"LIARD RIVER NEAR THE MOUTH",273521.6563,59.89669819,-125.4939374,12.5191360797935,636.754869148444,369.328643128788,267.426226019656,-3.40737447203891,243.701846682227,642.667341074507,321.468277440208,321.199063634299,-2.55634051186811,179.727884505992,16.500083575876,16.7133605688359,127.271257836617,131.094134910246,168,"LIARD RIVER NEAR THE MOUTH","Taiga",1.34584e+11,134583.7424,49.20405318,"non-glacial","Liard (mouth)"
"10GC001",1675.900249,0.128837338,"S",480661.2342,36.95155133,"MACKENZIE RIVER AT FORT SIMPSON",1300787.75,59.10872346,-117.0623151,14.0784806004497,524.982402396819,317.425469830066,207.556932566753,-2.56816731868445,165.419038922731,529.505306106653,284.44318623406,245.062119872593,-1.76622514976547,144.085290424882,12.9079003179997,14.494660978497,121.06796111838,123.620276042079,176,"MACKENZIE RIVER AT FORT SIMPSON","Taiga",6.18141e+11,618140.6882,47.52048999,"non-glacial","Mackenzie (Fort Simpson)"
"10LA002",35.48757554,0.189219199,"C",18660.25209,99.49617273,"ARCTIC RED RIVER NEAR THE MOUTH",18754.74414,65.57898847,-131.9752578,9.83920202019419,544.469389157078,287.366144805539,257.103244351538,-8.01176079763144,233.672692940306,561.624570944025,276.128967980925,285.4956029631,-6.53631183764286,192.042481091621,18.861605927666,21.1365442250565,133.312908408471,139.104598789924,184,"ARCTIC RED RIVER NEAR THE MOUTH","Taiga",18754743600,18754.7436,100,"non-glacial","Arctic Red"
"10LC014",1799.719254,0.106098451,"D",486652.17,28.68949783,"MACKENZIE RIVER AT ARCTIC RED RIVER",1696272.875,60.50393001,-118.5029942,14.3439439756704,503.092271167661,309.508926797778,193.583344369884,-3.67485714457152,158.995981462009,505.524421988085,269.577063008665,235.94735897942,-2.89568774906953,139.099980556557,11.7337747964611,11.7954814555948,123.381757378337,125.685365030835,189,"MACKENZIE RIVER AT ARCTIC RED RIVER","Taiga",9.9933e+11,999329.6475,58.91325986,"non-glacial","Mackenzie (Arctic Red)"
"10MC002",28.79557033,0.040743735,"C",57212.83656,80.95219615,"PEEL RIVER ABOVE FORT MCPHERSON",70674.84375,65.43205928,-135.5100548,11.1658449717352,540.313561331974,286.347760205905,253.96580112607,-8.32678645864578,228.308687637215,557.261205568631,271.591005863166,285.670199705464,-6.83576093854739,173.765143940414,17.7471940892574,19.574105946121,131.892302510528,138.203459050144,192,"PEEL RIVER ABOVE FORT MCPHERSON","Taiga",67154934356,67154.93436,95.01957506,"non-glacial","Peel"
"15024800",5567.302906,10.94994078,"S",25575.65141,50.3029695,"STIKINE",50843.22266,57.63542974,-130.0948956,10.8365021115714,NA,NA,NA,NA,NA,1293.31047065698,427.928638246912,865.381832410064,-1.57315607204227,490.131404053671,17.5863148624313,NA,138.693579076176,NA,200,"","Northwestern Forested Mountains",41745172621,41745.17262,82.10567589,"glacial","Stikine"
"15041200",1266.172526,7.521914692,"S",11412.55891,67.7982603,"TAKU",16833.11523,58.73474357,-132.5140233,9.73110336987774,NA,NA,NA,NA,NA,1204.82246067746,370.346241905701,834.476218771762,-1.33286377222527,432.249454744678,19.1876373574693,NA,133.309443475297,NA,202,"","Northwestern Forested Mountains",13870732971,13870.73297,82.40146422,"glacial","Taku"
"15052000",29.89216823,93.71218295,"Unfrozen",NA,100,"LEMON",31.89784622,58.39416555,-134.3685621,3.46253849089703,NA,NA,NA,NA,NA,3206.259252417,1188.22922126038,2018.03003115662,0.930292129601893,1649.39622265174,19.1563711775653,NA,139.900333693898,NA,203,"","Marine West Coast Forest",31897846.46,31.89784646,100,"glacial","Lemon"
"15052500",188.294762,85.76091698,"Unfrozen",NA,100,"MENDENHALL",219.5577698,58.48464293,-134.4921446,5.3916153860422,NA,NA,NA,NA,NA,3136.45672214086,1208.84175221112,1927.61496992974,0.53067197293521,1875.1800541776,21.3437374706776,NA,145.485314070399,NA,204,"","Marine West Coast Forest",219557776,219.557776,100,"glacial","Mendenhall"
"15055500",36.96745772,60.65880235,"Unfrozen",0,76.77920627,"ANTLER",60.94327164,58.84791226,-134.6420867,4.10994345836528,NA,NA,NA,NA,NA,3059.05771288412,1049.05702660443,2010.00068627968,-0.966565108992583,1306.70154646332,20.7983183201353,NA,158.213869937939,NA,205,"","Marine West Coast Forest",60943270.05,60.94327005,100,"glacial","Antler"
"15056210",266.4795762,57.88579823,"Unfrozen",0,54.65221383,"TAIYA",460.3539734,59.62681459,-135.4093803,6.13199570095543,NA,NA,NA,NA,NA,1947.46495585035,619.740933631296,1327.72402221905,-1.19619666321927,452.459074532639,NA,NA,NA,NA,206,"TAIYA R NR SKAGWAY AK","Marine West Coast Forest",457710963.6,457.7109636,99.42587295,"glacial","Taiya"
"15088000",15.73966995,15.70855789,"Unfrozen",NA,100,"SAWMILL_2",100.1980591,57.08100914,-135.1120619,4.60714881820368,NA,NA,NA,NA,NA,2639.09367497876,1740.70069226123,898.392982717526,5.44416246249501,795.856352103681,19.174083066689,NA,107.837906249458,NA,210,"","Marine West Coast Forest",100198058,100.198058,100,"glacial","Sawmill"
"15225997",7.829818255,15.39077203,"Unfrozen",NA,100,"SOLOMON",50.87345886,61.01622156,-146.2751776,3.92934135062579,NA,NA,NA,NA,NA,2460.71495966178,1115.63812186488,1345.0768377969,0.241827469851329,588.508861598551,20.9351300279286,NA,136.392411403115,NA,213,"","Marine West Coast Forest",50873460.02,50.87346002,100,"glacial","Solomon"
"15239070",62.81225038,28.22504543,"Unfrozen",0,73.1186132,"BRADLEY_2",222.5408325,59.73995707,-150.7161343,5.40511060162307,NA,NA,NA,NA,NA,2147.31944983018,668.096971889782,1479.22247794039,0.696848144909158,1001.48170361219,22.9943441849784,NA,142.328252217904,NA,216,"","Marine West Coast Forest",222540830.1,222.5408301,100,"glacial","Bradley "
"15243900",125.8217222,32.71761183,"Unfrozen",0,76.22753046,"SNOW",384.5687866,60.33039407,-149.1145798,5.95212267177486,NA,NA,NA,NA,NA,3127.95850008748,845.194716994584,2282.76378309289,-0.516253048141129,1042.1602568921,22.5820052719617,NA,146.166225244647,NA,217,"","Marine West Coast Forest",384568784.6,384.5687846,99.99999997,"glacial","Snow"
"15258000",182.6177707,10.96746811,"S",1031.377106,61.94137332,"KENAI_1",1665.085938,60.43682936,-149.3159025,7.41763201549698,2646.04042625403,706.240998327297,1939.79942792673,-1.81535358219455,990.550183399392,2616.30242986945,707.013086733603,1909.28934313585,-0.331861878459463,813.658121164848,21.8227240096174,24.3325874467281,141.146745478885,152.204009307792,218,"","Marine West Coast Forest",1665085952,1665.085952,100,"glacial","Kenai"
"15276000",6.087315319,2.635423939,"S",122.4722152,53.02275156,"SHIP",230.9804993,61.14528141,-149.4449171,5.44233328834362,1592.58753164726,570.991549430477,1021.59598221679,-1.22052074208181,721.015543691781,1620.55084346082,595.638909945994,1024.91193351482,0.222003980440663,517.006260174481,20.0097767053321,22.75872117566,132.707733914486,143.886725373836,223,"","Marine West Coast Forest",230980497.3,230.9804973,100,"glacial","Ship"
"15284000",653.3589989,12.26093218,"S",2202.223708,41.32692071,"MATANUSKA",5328.787109,61.80822199,-148.0607656,8.58087893197729,NA,NA,NA,NA,NA,1149.36936821888,325.52918456512,823.84018365376,-4.73530321568307,449.382977976756,17.8401464931801,NA,144.89269660749,NA,224,"","Marine West Coast Forest",2880634636,2880.634636,54.05797728,"glacial","Matanuska"
"15290000",3.16537201,1.972794295,"Unfrozen",NA,100,"L_SUSITNA",160.4511871,61.7974342,-149.1757815,5.07798976609503,984.050150575915,598.086020218793,385.964130357122,-1.37788382081565,356.646864971177,981.034687344251,597.589121821884,383.445565522367,-0.0314408557625167,258.75185528391,19.7662141335325,21.8055144262869,125.261421209242,136.727389795296,227,"","Northwestern Forested Mountains",140064752.1,140.0647521,87.29430319,"glacial","Little Susitna"
"15292000",1066.133211,6.71224814,"D",12539.18567,78.94522446,"SUSITNA",15883.39941,62.84287707,-147.616364,9.6730297805315,NA,NA,NA,NA,NA,759.079461186987,417.904993066037,341.17446812095,-4.66985268867987,238.540419412199,16.9289811555783,NA,133.231071038134,NA,228,"","Northwestern Forested Mountains",15883399856,15883.39986,99.99999999,"glacial","Susitna"
"15292700",275.719783,5.294951466,"D",4400.861988,84.51461257,"TALKEETNA",5207.220215,62.39438656,-149.059607,8.55780144437539,974.672257412902,520.832047443452,453.84020996945,-4.83195349186043,430.87302258688,986.290152093772,535.334467495396,450.955684598376,-3.61900316771701,345.607333198051,17.4841008284368,19.6103879984107,136.673820423074,145.397209089158,230,"","Northwestern Forested Mountains",4794649441,4794.649441,92.07694787,"glacial","Talkeetna"
"15300300",0.001860246,0.000557739,"S",200.1651272,60.01350019,"ILIAMNA",333.5335083,59.83974251,-153.6395258,5.80974333497111,NA,NA,NA,NA,NA,1843.81026737102,771.651112751795,1072.15915461923,0.314534315262999,596.155405906931,22.448577720902,NA,131.662664716482,NA,236,"","Northwestern Forested Mountains",333533499.3,333.5334993,100,"non-glacial","Iliamna"
"15304000",1989.205482,2.469850434,"D",57269.49923,71.10733346,"KUSKOKWIM_1",80539.51563,62.10985956,-155.1863512,11.2965032203571,NA,NA,NA,NA,NA,813.163142438668,482.003376125877,331.15976631279,-1.21457713172096,261.143076572266,17.5296275324979,NA,121.38870935727,NA,239,"","Taiga",60022185500,60022.1855,74.52514195,"glacial","Kuskokwim"
"15356000",7099.026678,2.456803934,"D",196827.7287,68.11738568,"YUKON_1",288953.7188,62.3213838,-135.7276193,12.5740218117098,564.394064604442,302.918091973981,261.475972630461,-4.69300854938508,207.359812014443,586.237344020676,301.861170398027,284.376173622649,-3.69521420191496,190.051232521298,14.5860102631116,15.5715241919523,127.12704259047,133.124282193517,241,"","Northwestern Forested Mountains",2.49215e+11,249215.4113,86.247514,"glacial","Yukon (Eagle)"
"15453500",7079.588288,1.409074063,"D",296225.3156,58.95871229,"YUKON_4",502428.4063,64.28903206,-138.5352447,13.12720843374,495.992857770955,280.742159591544,215.250698179412,-5.75947958912031,170.554912939549,502.17883125642,274.02863449265,228.15019676377,-4.89585511896593,158.35020018516,12.9566101909578,9.69122939960522,127.253214383022,131.451974588973,244,"","Northwestern Forested Mountains",2.89387e+11,289387.1782,57.597695,"glacial","Yukon (Stevens Village)"
"15478040",29.72190429,94.81363557,"D",31.3477108,99.99999996,"PHELAN",31.34771156,63.27356914,-145.4281819,3.44514126792333,NA,NA,NA,NA,NA,893.951783252984,335.153290333686,558.798492919298,-5.51304822325369,432.188723643336,20.4677487575035,NA,142.958342488211,NA,248,"","Northwestern Forested Mountains",31347710.8,31.3477108,99.99999996,"glacial","Phelan"
"15515500",4130.245126,6.239917947,"D",59953.72956,90.57727609,"TANANA_3",66190.69531,63.70821285,-144.7934619,11.1002951778168,605.639912566031,351.584914224702,254.054998341329,-4.52830399349209,196.773544879645,608.015994743633,342.948518739127,265.067476004506,-3.79548049510883,195.325792987336,17.8269082985939,19.109694055642,129.138992662615,134.07310234683,260,"","Northwestern Forested Mountains",48513284715,48513.28471,73.29320821,"glacial","Tanana"
"15565447",13221.26737,1.614075577,"D",545543.9867,66.60096953,"YUKON_3",819123.1875,64.55539851,-143.864483,13.6159897636124,NA,NA,NA,NA,NA,532.641116444871,300.608197946663,232.032918498208,-4.25106167244282,164.890228637468,11.3587606769843,NA,124.36280829826,NA,266,"","Taiga",3.80644e+11,380644.29,46.46972449,"glacial","Yukon (Pilot Station)"
"15875000",1.838496531,0.005121896,"C",35894.84521,100,"COLVILLE",35894.84375,68.69252487,-155.935946,10.4883489360272,NA,NA,NA,NA,NA,458.123638875284,219.543281777985,238.580357097299,-9.35872055158285,178.205651276456,16.4867434900531,NA,140.481602334649,NA,269,"","Tundra",35894845206,35894.84521,100,"non-glacial","Colville"
"15908000",32.17312449,0.669770187,"C",4779.19766,99.49186348,"SAGAVANIRKTOK",4803.606445,68.50282966,-148.6340712,8.47712225748769,NA,NA,NA,NA,NA,536.233283168437,255.615989732629,280.617293435808,-10.0132053428461,228.175354779525,20.0858510727492,NA,146.791423325444,NA,271,"","Tundra",4803606541,4803.606541,100,"non-glacial","Sagavanirktok"
"03NE002",0,0,"S",24.03727594,98.93348784,"CAMP POND BROOK BELOW CAMP POND",24.29640007,56.3389399,-62.03952569,3.19032819410442,NA,NA,NA,NA,NA,936.685287952423,425.290586054325,511.394701898098,-2.01825329510708,405.794532597065,NA,NA,NA,NA,1,"CAMP POND BROOK BELOW CAMP POND","Taiga",24296400,24.2964,100,"non-glacial","Camp Pond"
"03NE011",0,0,"S",157.2003759,99.83543447,"REID BROOK BELOW TRIBUTARY",157.4595032,56.36989315,-62.17286302,5.05916830266434,NA,NA,NA,NA,NA,912.877075940799,413.497015921301,499.380060019498,-2.48537276244262,388.967667822329,NA,NA,NA,NA,2,"REID BROOK BELOW TRIBUTARY","Taiga",157459500,157.4595,100,"non-glacial","Reid Brook  "
"03NE012",0,0,"S",15.4287,100,"TRIBUTARY TO REID BROOK",15.42870045,56.317767,-62.05771001,2.73622944053394,NA,NA,NA,NA,NA,932.454623674092,424.652984267787,507.801639406305,-2.02629014139026,406.375729723981,NA,NA,NA,NA,3,"TRIBUTARY TO REID BROOK","Taiga",15428700,15.4287,100,"non-glacial","Reid Brook Tributary"
"03NF001",0,0,"S",7492.552449,99.28088083,"UGJOKTOK RIVER BELOW HARP LAKE",7546.823242,55.21951818,-62.36483234,8.92888199104862,NA,NA,NA,NA,NA,939.909834200363,445.346359756087,494.563474444275,-3.42471868052797,394.584841069602,NA,NA,NA,NA,4,"UGJOKTOK RIVER BELOW HARP LAKE","Taiga",7546823100,7546.8231,100,"non-glacial","Ugjoktok"
"04DC001",0,0,"S",22670.92356,45.2729597,"WINISK RIVER BELOW ASHEWEIG RIVER TRIBUTARY",50076.08203,53.18918502,-88.62709273,10.8212987684883,NA,NA,NA,NA,NA,730.97638727086,503.029911162615,227.946476108244,-0.793153520802442,130.709529621197,22.709298664228,NA,108.021649148911,NA,6,"WINISK RIVER BELOW ASHEWEIG RIVER TRIBUTARY","Northern Forests",38643046110,38643.04611,77.16867221,"non-glacial","Winisk"
"04DC002",0,0,"S",2537.522756,53.93242733,"SHAMATTAWA RIVER AT OUTLET OF SHAMATTAWA LAKE",4705.003906,53.94060652,-86.01211237,8.45638188219979,NA,NA,NA,NA,NA,701.139134499712,478.865575174343,222.273559325368,-1.96691580206362,131.825913650243,24.8019390206223,NA,111.002371806221,NA,7,"SHAMATTAWA RIVER AT OUTLET OF SHAMATTAWA LAKE","Northern Forests",4705003800,4705.0038,100,"non-glacial","Shamattawa"
"05TD001",0,0,"S",11630.20714,75.51635538,"GRASS RIVER ABOVE STANDING STONE FALLS",15400.91113,55.01604574,-99.21918227,9.6421819509373,NA,NA,NA,NA,NA,614.372088055078,432.241199046461,182.130889008618,-0.624175139511227,98.3809269101769,18.1034078813816,NA,106.686980343201,NA,8,"GRASS RIVER ABOVE STANDING STONE FALLS","Northern Forests",15400911600,15400.9116,100,"non-glacial","Grass"
"05TE002",0,0,"S",5827.3713,100,"BURNTWOOD RIVER ABOVE LEAF RAPIDS",5827.371094,55.2824342,-100.2206022,8.67032125037353,NA,NA,NA,NA,NA,596.580858015077,415.658241702497,180.92261631258,-0.829287936754368,100.147214664777,24.718601793943,NA,105.839983291476,NA,9,"BURNTWOOD RIVER ABOVE LEAF RAPIDS","Northern Forests",5827371300,5827.3713,100,"non-glacial","Burntwood"
"05TG003",0,0,"S",6094.8873,100,"ODEI RIVER NEAR THOMPSON",6094.887207,56.16711131,-97.95243006,8.71520553591969,NA,NA,NA,NA,NA,594.892646321328,405.462754515218,189.429891806109,-2.32203338948591,94.9707131303967,24.7415404937996,NA,108.601572921117,NA,10,"ODEI RIVER NEAR THOMPSON","Northern Forests",6094887300,6094.8873,100,"non-glacial","Odei"
"05TG006",0,0,"S",425.9502,100,"SAPOCHI RIVER NEAR NELSON HOUSE",425.9501953,55.82054549,-98.47456503,6.05432242699326,NA,NA,NA,NA,NA,600.548618761655,413.217096887625,187.33152187403,-1.78999320661329,90.4244055159871,25.2395205274969,NA,105.521724343265,NA,11,"SAPOCHI RIVER NEAR NELSON HOUSE","Northern Forests",425950200,425.9502,100,"non-glacial","Sapochi"
"05UF004",0,0,"S",1962.40018,100,"KETTLE RIVER NEAR GILLAM",1962.400146,56.16346686,-95.19878202,7.58192356734297,NA,NA,NA,NA,NA,586.086874446617,397.703685535577,188.38318891104,-2.70471615066923,69.8546203678507,25.2685853142546,NA,109.716658751263,NA,12,"KETTLE RIVER NEAR GILLAM","Northern Forests",1962400180,1962.40018,100,"non-glacial","Kettle"
"05UH001",0,0,"S",786.8920387,50.91072429,"ANGLING RIVER NEAR BIRD",1545.631226,56.32206165,-94.08723884,7.34318766641152,NA,NA,NA,NA,NA,582.539012104267,390.337593949855,192.201418154412,-2.90909334566224,71.2895485244995,25.2263562958905,NA,109.85526085048,NA,13,"ANGLING RIVER NEAR BIRD","Northern Forests",854792096.3,854.7920963,55.30375528,"non-glacial","Angling"
"05UH002",0,0,"D",2194.8903,100,"WEIR RIVER ABOVE THE MOUTH",2194.890381,56.90090464,-94.35398956,7.69388738394331,NA,NA,NA,NA,NA,561.089489411989,369.609654135196,191.479835276793,-3.98157492313707,77.4520056502029,25.1941707531535,NA,114.435299390028,NA,16,"WEIR RIVER ABOVE THE MOUTH","Taiga",1145444086,1145.444086,52.18684899,"non-glacial","Weir"
"06BD001",0,0,"S",3666.159,100,"HAULTAIN RIVER ABOVE NORBERT RIVER",3666.158936,56.64014171,-106.3233172,8.20689978152427,NA,NA,NA,NA,NA,555.544313429513,385.943586028405,169.600727401108,-0.894706081341925,102.87724302053,24.3885455629798,NA,107.247285451212,NA,19,"HAULTAIN RIVER ABOVE NORBERT RIVER","Northern Forests",3666159000,3666.159,100,"non-glacial","Haultain"
"06DA004",0,0,"S",7753.537799,99.99999999,"GEIKIE RIVER BELOW WHEELER RIVER",7753.537598,57.31481774,-105.223288,8.95590448245734,553.833890484206,362.444738689743,191.389151794463,-2.59203546125514,143.362307370077,545.827025672426,321.231331909432,224.595693762994,-1.8990867224471,111.656414507461,23.5598032038379,25.6521974803116,111.942264688019,114.492402877045,21,"GEIKIE RIVER BELOW WHEELER RIVER","Northern Forests",7753537799,7753.537799,99.99999999,"non-glacial","Geikie"
"06DA005",0,0,"S",2747.0889,100,"WHEELER RIVER BELOW RUSSELL LAKE",2747.088867,57.37613698,-105.548966,7.91829703613626,NA,NA,NA,NA,NA,544.045324402571,361.356193010292,182.689131392279,-1.9032729547244,108.710731867906,23.7845166364478,NA,111.867536223208,NA,22,"WHEELER RIVER BELOW RUSSELL LAKE","Northern Forests",2747088900,2747.0889,100,"non-glacial","Wheeler"
"06DC001",0,0,"S",10239.7608,100,"WATHAMAN RIVER BELOW WATHAMAN LAKE",10239.76074,56.84986376,-104.3048856,9.23403353308615,NA,NA,NA,NA,NA,556.827267687924,376.491442291745,180.335825396179,-1.52981197947678,113.80763341689,23.8139178091567,NA,111.056607521178,NA,23,"WATHAMAN RIVER BELOW WATHAMAN LAKE","Northern Forests",10239760800,10239.7608,100,"non-glacial","Wathaman"
"06FB002",0,0,"D",4270.7916,100,"LITTLE BEAVER RIVER NEAR THE MOUTH",4270.791504,57.58106646,-96.3690857,8.35955445297932,NA,NA,NA,NA,NA,560.15690276731,365.312955865988,194.843946901322,-4.631442870309,106.123193719714,24.5490255556894,NA,119.593602130456,NA,24,"LITTLE BEAVER RIVER NEAR THE MOUTH","Taiga",4270791600,4270.7916,100,"non-glacial","Little Beaver"
"06FC001",0,0,"S",6071.697345,98.87552382,"LITTLE CHURCHILL RIVER ABOVE RECLUSE LAKE",6140.748535,56.7155909,-96.6523453,8.7227019249484,NA,NA,NA,NA,NA,579.670929562124,390.772470578603,188.898458983522,-3.38221100918664,97.1975256275537,24.5371699180227,NA,113.626401383596,NA,25,"LITTLE CHURCHILL RIVER ABOVE RECLUSE LAKE","Northern Forests",3796584364,3796.584364,61.82608361,"non-glacial","Little Churchill"
"06GD001",0,0,"D",37336.59333,77.58596633,"SEAL RIVER BELOW GREAT ISLAND",48122.87109,58.69650624,-99.13406278,10.7815128335207,534.200965385233,317.919114322773,216.28185106246,-6.27120061217218,183.638942257731,571.64845426561,301.596677462944,270.051776802667,-5.33234226753947,127.614059948179,22.4242143453252,24.6145192680691,127.122857722344,130.379198178446,28,"SEAL RIVER BELOW GREAT ISLAND","Taiga",47049401632,47049.40163,97.76931866,"non-glacial","Seal"
"06LC001",0,0,"C",50532.38555,73.47938719,"KAZAN RIVER ABOVE KAZAN FALLS",68770.82813,61.98588634,-100.1823208,11.1385349242655,441.369359326442,233.801961436448,207.567397889993,-9.50224329018445,177.21947310625,455.001074408299,249.039515457198,205.961558951102,-8.4501238460996,176.990412955171,20.4749784293064,21.9272564628149,146.290459080156,141.050870037562,29,"KAZAN RIVER ABOVE KAZAN FALLS","Taiga",49351262544,49351.26254,71.76191049,"non-glacial","Kazan"
"06OA007",0,0,"C",4562.314475,97.16308822,"BROWN RIVER AT THE OUTLET OF BROWN LAKE",4695.522461,66.08001451,-91.75399942,8.45436466574936,NA,NA,NA,NA,NA,403.230279213771,191.563058292373,211.667220921398,-12.8181873687724,170.118098446944,18.3421067663417,NA,161.964247340251,NA,31,"BROWN RIVER AT THE OUTLET OF BROWN LAKE","Tundra",4695522300,4695.5223,100,"non-glacial","Brown"
"07EA004",0,0,"S",4054.96624,97.88612111,"INGENIKA RIVER ABOVE SWANNELL RIVER",4142.53418,56.89616357,-125.9563768,8.3290630003228,NA,NA,NA,NA,NA,819.319322728974,377.176349069789,442.142973659185,-2.16736254981236,376.684419782484,19.4792884802579,NA,141.387269013339,NA,39,"INGENIKA RIVER ABOVE SWANNELL RIVER","Northwestern Forested Mountains",4142534400,4142.5344,100,"non-glacial","Ingenika"
"07EC003",0,0,"S",2938.371457,98.51982511,"MESILINKA RIVER ABOVE GOPHERHOLE CREEK",2982.517822,56.37426695,-125.4681609,8.00052312947811,NA,NA,NA,NA,NA,815.791897705268,385.257165718586,430.534731986682,-1.15960166255897,240.967224710215,20.4637002031513,NA,134.120338946393,NA,43,"MESILINKA RIVER ABOVE GOPHERHOLE CREEK","Northwestern Forested Mountains",2982517938,2982.517938,100,"non-glacial","Mesilinka"
"07EC004",0,0,"S",1941.938011,99.99999999,"OSILINKA RIVER NEAR END LAKE",1941.937988,56.09616603,-125.3290707,7.5714417163126,NA,NA,NA,NA,NA,823.520692064963,394.786761506367,428.733930558596,-0.644717893354558,191.964334916919,21.0690643026946,NA,125.233319019177,NA,44,"OSILINKA RIVER NEAR END LAKE","Northwestern Forested Mountains",1941938011,1941.938011,99.99999999,"non-glacial","Osilinka"
"07ED003",0,0,"S",4351.231667,64.16747818,"NATION RIVER NEAR THE MOUTH",6781.054688,55.28325975,-124.5698203,8.82188792753851,NA,NA,NA,NA,NA,780.542608435602,407.181828405333,373.360780030269,1.42006739197604,184.969229504225,22.1128036899665,NA,114.200623497864,NA,45,"NATION RIVER NEAR THE MOUTH","Northwestern Forested Mountains",6781054500,6781.0545,100,"non-glacial","Nation"
"07EF004",0,0,"S",736.2989999,99.99999998,"CARBON CREEK NEAR THE MOUTH",736.2990112,55.82200873,-122.7191731,6.6016363014429,NA,NA,NA,NA,NA,863.696550191876,424.806235665609,438.890314526268,-0.121336716115264,197.7610703076,22.2205904875927,NA,122.226093094497,NA,46,"CARBON CREEK NEAR THE MOUTH","Northwestern Forested Mountains",736298999.9,736.2989999,99.99999998,"non-glacial","Carbon"
"07FA005",0,0,"S",1791.769534,83.78497628,"GRAHAM RIVER ABOVE COLT CREEK",2138.533203,56.51818096,-123.1510631,7.66787545384992,NA,NA,NA,NA,NA,750.995562062044,397.28820765384,353.707354408205,-1.17625867637575,251.181716762046,22.1153220704687,NA,134.205795036304,NA,48,"GRAHAM RIVER ABOVE COLT CREEK","Northwestern Forested Mountains",2082654648,2082.654648,97.38706173,"non-glacial","Graham"
"07FB003",0,0,"S",2587.766399,99.99999998,"SUKUNKA RIVER NEAR THE MOUTH",2587.766357,55.21438793,-121.8674152,7.85855037217906,NA,NA,NA,NA,NA,946.369170368563,457.598716834254,488.770453534309,0.341356656789009,224.79467277892,21.970158805725,NA,120.421227316427,NA,56,"SUKUNKA RIVER NEAR THE MOUTH","Northwestern Forested Mountains",2587766399,2587.766399,99.99999998,"non-glacial","Sukunka"
"07FB004",0,0,"S",85.31099998,99.99999998,"DICKEBUSCH CREEK NEAR THE MOUTH",85.31099701,55.49781994,-121.4759522,4.44630336775889,NA,NA,NA,NA,NA,687.679417440329,401.679344321737,286.000073118591,1.62697307175724,148.145844194713,25.5276896293649,NA,106.204510820898,NA,57,"DICKEBUSCH CREEK NEAR THE MOUTH","Northwestern Forested Mountains",85310999.98,85.31099998,99.99999998,"non-glacial","Dickebusch"
"07FB008",0,0,"S",1290.195471,85.10243534,"MOBERLY RIVER NEAR FORT ST. JOHN",1516.050049,55.81481947,-121.9794466,7.32386357950961,NA,NA,NA,NA,NA,700.926209802222,394.052762729646,306.873447072576,1.46440002164641,149.953050190608,24.0566871691441,NA,110.495892246804,NA,59,"MOBERLY RIVER NEAR FORT ST. JOHN","Northwestern Forested Mountains",793547458.4,793.5474584,52.3430928,"non-glacial","Moberly"
"07LB002",0,0,"S",3176.8155,100,"WATERFOUND RIVER BELOW THERIAU LAKE",3176.81543,58.02008317,-104.7083319,8.06363453689414,NA,NA,NA,NA,NA,548.305300746918,357.753370381785,190.551930365133,-2.6556378666293,117.446229712978,23.4443684170157,NA,115.502890268422,NA,70,"WATERFOUND RIVER BELOW THERIAU LAKE","Northern Forests",3176815500,3176.8155,100,"non-glacial","Waterfound"
"07LE002",0,0,"S",37404.09443,71.819799,"FOND DU LAC RIVER AT OUTLET OF BLACK LAKE",52080.47656,58.68569463,-105.1773296,10.8605454273782,NA,NA,NA,NA,NA,510.297392673034,333.531667335319,176.765725337715,-2.95925978984676,107.785765292145,21.2955459657978,NA,115.456506655927,NA,71,"FOND DU LAC RIVER AT OUTLET OF BLACK LAKE","Northern Forests",33907105241,33907.10524,65.10521161,"non-glacial","Fond du Lac"
"07MA003",0,0,"S",1732.3731,100,"DOUGLAS RIVER NEAR CLUFF LAKE",1732.373047,58.25912866,-109.414479,7.45724745103426,500.531263356565,338.288444953106,162.242818403459,-0.987649416930054,117.684546064273,520.480632191765,352.976518504771,167.504113686994,-0.483874108644753,115.776240787017,24.5675441877796,19.5735899080877,104.37890531236,104.544361392216,73,"DOUGLAS RIVER NEAR CLUFF LAKE","Northern Forests",1732373100,1732.3731,100,"non-glacial","Douglas"
"07MB001",0,0,"S",9144.711,100,"MACFARLANE RIVER AT OUTLET OF DAVY LAKE",9144.710938,58.31171051,-107.8743166,9.12093095157745,524.110915115497,346.08732443954,178.023590675957,-2.1474690212811,127.180490239761,517.255619823457,305.323004250218,211.932615573239,-1.48634038558451,117.153877406317,23.1842596843631,24.9781361414022,107.529886992223,109.316834439821,74,"MACFARLANE RIVER AT OUTLET OF DAVY LAKE","Northern Forests",9144711000,9144.711,100,"non-glacial","MacFarlane"
"07OB001",0,0,"S",36949.81169,71.86519264,"HAY RIVER NEAR HAY RIVER",51415.44922,58.78165565,-118.6810622,10.8476939747641,469.080071082284,313.831621631294,155.24844945099,-0.697591323766711,118.186000739151,449.175731837149,261.114394784384,188.061337052765,-0.0115526289616425,100.944987399754,22.3154137093926,24.5292708255154,100.752297444633,103.517394214315,79,"HAY RIVER NEAR HAY RIVER","Taiga",42183048298,42183.0483,82.04352752,"non-glacial","Hay"
"07RD001",0,0,"C",22339.55408,83.93358724,"LOCKHART RIVER AT OUTLET OF ARTILLERY LAKE",26615.75,63.91144537,-109.4685638,10.1892584248078,373.740522209062,194.229742246451,179.51077996261,-9.447325105413,164.472433382816,371.939057954453,167.226934823242,204.712123131211,-8.33007475053773,152.881329138433,22.0940924758105,24.5800783561578,140.423562345431,137.343514010227,82,"LOCKHART RIVER AT OUTLET OF ARTILLERY LAKE","Taiga",16445652558,16445.65256,61.78917487,"non-glacial","Lockhart"
"07SA002",0,0,"D",9144.779811,67.5314909,"SNARE RIVER BELOW GHOST RIVER",13541.50488,64.43182148,-114.0145604,9.51351468356948,NA,NA,NA,NA,NA,362.743278449826,210.360242738082,152.383035711744,-7.32818127690936,115.262319067192,23.3931540311926,NA,133.008562061044,NA,84,"SNARE RIVER BELOW GHOST RIVER","Taiga",13242664349,13242.66435,97.79315472,"non-glacial","Snare"
"07SB002",0,0,"D",15973.84376,99.73547837,"YELLOWKNIFE RIVER AT OUTLET OF PROSPEROUS LAKE",16016.20996,63.33215737,-113.3672045,9.68135661085968,NA,NA,NA,NA,NA,339.833234130851,206.203336608474,133.629897522377,-5.80591230812618,78.0998989992882,23.7612957354414,NA,124.670880771981,NA,86,"YELLOWKNIFE RIVER AT OUTLET OF PROSPEROUS LAKE","Taiga",16016210100,16016.2101,100,"non-glacial","Yellowknife"
"07SB010",0,0,"D",3701.4246,100,"CAMERON RIVER BELOW REID LAKE",3701.424561,62.97549454,-112.976739,8.21647304101897,344.526196593,208.308953588001,136.217243004999,-6.90531167102476,85.7873682183367,330.52083484442,201.807512776581,128.713322067839,-5.38851566055058,70.9829102562316,24.8013760052367,20.3598180846294,121.825207448509,123.376081860855,87,"CAMERON RIVER BELOW REID LAKE","Taiga",3701424600,3701.4246,100,"non-glacial","Cameron"
"07SB013",0,0,"D",141.4606774,98.39462793,"BAKER CREEK AT OUTLET OF LOWER MARTIN LAKE",143.7687073,62.61095555,-114.4258562,4.96820580894941,NA,NA,NA,NA,NA,311.364773702424,193.576994214069,117.787779488355,-4.00055714058126,34.1933159657019,26.1742890855176,NA,113.593183788117,NA,88,"BAKER CREEK AT OUTLET OF LOWER MARTIN LAKE","Taiga",143768700,143.7687,100,"non-glacial","Baker"
"07TA001",0,0,"D",14248.2285,100,"LA MARTRE RIVER BELOW OUTLET OF LAC LA MARTRE",14248.22852,63.75554896,-118.5211246,9.56438786358316,396.438325270706,244.460157274758,151.978167995948,-6.30199299754186,103.606075283672,380.812258361792,238.600834684988,142.211423676805,-4.78784458200418,94.7336265035653,23.8339070828836,20.4458692895475,120.847457933847,122.697331821975,89,"LA MARTRE RIVER BELOW OUTLET OF LAC LA MARTRE","Taiga",14248228500,14248.2285,100,"non-glacial","La Martre"
"08AA008",0,0,"D",1226.8035,100,"SEKULMUN RIVER AT OUTLET OF SEKULMUN LAKE",1226.803467,61.44677285,-137.75216,7.11216725828762,NA,NA,NA,NA,NA,573.485908254071,313.156828307888,260.329079946182,-4.40463085498877,134.023545119496,21.3626830592981,NA,128.389395324136,NA,91,"SEKULMUN RIVER AT OUTLET OF SEKULMUN LAKE","Northwestern Forested Mountains",1226803500,1226.8035,100,"non-glacial","Sekulmun"
"08AA009",0,0,"D",184.6368,100,"GILTANA CREEK NEAR THE MOUTH",184.636795,61.21107817,-136.8633693,5.21839062506683,NA,NA,NA,NA,NA,510.616568926465,274.985453322501,235.631115603964,-3.25614364857879,105.073388372755,22.9859560965512,NA,121.573143005863,NA,92,"GILTANA CREEK NEAR THE MOUTH","Northwestern Forested Mountains",184636800,184.6368,100,"non-glacial","Giltana"
"08AC001",0,0,"D",376.02,100,"TAKHANNE RIVER AT KM 167 HAINES HIGHWAY",376.019989,60.14355778,-136.7673844,5.92964230421088,NA,NA,NA,NA,NA,857.889840817341,303.089977661841,554.799863155499,-2.87381120667451,264.009298305807,21.2971508895635,NA,132.330110469498,NA,96,"TAKHANNE RIVER AT KM 167 HAINES HIGHWAY","Northwestern Forested Mountains",376020000,376.02,100,"non-glacial","Takhanne"
"08CD001",0,0,"S",3547.1835,100,"TUYA RIVER NEAR TELEGRAPH CREEK",3547.183594,58.6694902,-130.8289688,8.17390921379497,705.996525997603,310.174065140725,395.822460856878,-3.49768642315378,368.94595587633,757.136731663415,320.629678866941,436.507052796475,-1.83792861360822,175.662531331508,18.8097457698053,21.4375308219558,129.747574971004,140.707671319612,98,"TUYA RIVER NEAR TELEGRAPH CREEK","Northwestern Forested Mountains",3547183500,3547.1835,100,"non-glacial","Tuya"
"08EE025",0,0,"S",18.73192497,94.75211668,"TWO MILE CREEK IN DISTRICT LOT 4834",19.76939964,55.31492485,-127.5734059,2.98413526949837,NA,NA,NA,NA,NA,1014.00184819411,586.193524588845,427.808323605266,3.08554846440781,234.081300650318,22.3095144102788,NA,107.234302879811,NA,109,"TWO MILE CREEK IN DISTRICT LOT 4834","Northwestern Forested Mountains",19089035.38,19.08903538,96.55849631,"non-glacial","Two Mile"
"09AA012",0,0,"D",578.5287402,67.0892605,"WHEATON RIVER NEAR CARCROSS",862.3269043,60.17971866,-135.2425973,6.75963443809778,791.996043257614,200.391292194407,591.604751063207,-4.27494547880705,415.824014005595,850.321139112099,197.602666315906,652.718472796193,-2.95381095259358,304.383146763113,20.6463350518449,23.496903318385,138.203050269748,144.496331762805,113,"WHEATON RIVER NEAR CARCROSS","Northwestern Forested Mountains",862326899.9,862.3268999,100,"non-glacial","Wheaton"
"09AC007",0,0,"S",361.7244829,83.36190606,"IBEX RIVER NEAR WHITEHORSE",433.9205933,60.58186886,-135.4908653,6.07286155261377,NA,NA,NA,NA,NA,580.750315687865,277.89184395011,302.858471737755,-2.69108362681311,123.193939618029,21.4708970203564,NA,125.980071633215,NA,116,"IBEX RIVER NEAR WHITEHORSE","Northwestern Forested Mountains",433920599.9,433.9205999,99.99999998,"non-glacial","Ibex"
"09AE003",0,0,"S",3391.7742,100,"SWIFT RIVER NEAR SWIFT RIVER",3391.77417,59.92242693,-131.2419783,8.12910841745486,NA,NA,NA,NA,NA,705.352395994526,350.282990200476,355.06940579405,-2.83442248531986,176.487119051558,19.402446157266,NA,129.956420495725,NA,117,"SWIFT RIVER NEAR SWIFT RIVER","Northwestern Forested Mountains",3391774200,3391.7742,100,"non-glacial","Swift"
"09AE006",0,0,"S",1576.5381,100,"MORELY RIVER AT KM 1251 ALASKA HIGHWAY",1576.538086,60.25501332,-131.7870253,7.36298663727243,NA,NA,NA,NA,NA,645.855431798117,338.982204874779,306.873226923337,-2.03777255050059,160.081843869857,20.0744068359642,NA,126.547613637026,NA,118,"MORELY RIVER AT KM 1251 ALASKA HIGHWAY","Northwestern Forested Mountains",1576538100,1576.5381,100,"non-glacial","Morely"
"09AH003",0,0,"D",1799.1414,100,"BIG CREEK NEAR THE MOUTH",1799.141357,62.39090844,-137.3615665,7.49506480618328,NA,NA,NA,NA,NA,510.972074606946,361.695511405555,149.276563201391,-2.8146330685759,94.4679367965982,21.3533156221672,NA,114.348796831297,NA,119,"BIG CREEK NEAR THE MOUTH","Northwestern Forested Mountains",1799141400,1799.1414,100,"non-glacial","Big Creek 1"
"09AH004",0,0,"D",6314.784535,97.58925355,"NORDENSKIOLD RIVER BELOW ROWLINSON CREEK",6470.778809,61.53219081,-136.3175252,8.77505175258463,NA,NA,NA,NA,NA,468.745135146832,286.578862003,182.166273143832,-2.28242299763178,83.0689946580496,21.7809970996457,NA,115.600712012615,NA,120,"NORDENSKIOLD RIVER BELOW ROWLINSON CREEK","Northwestern Forested Mountains",6470778600,6470.7786,100,"non-glacial","Nordenskiold"
"09CA006",0,0,"D",7932.1878,100,"NISLING RIVER BELOW ONION CREEK",7932.187988,61.95122146,-137.9432624,8.97868418930842,NA,NA,NA,NA,NA,525.606409828239,349.270819239386,176.335590588853,-3.61553943774137,103.110787519484,21.0567027150515,NA,117.257859454493,NA,128,"NISLING RIVER BELOW ONION CREEK","Northwestern Forested Mountains",7932187800,7932.1878,100,"non-glacial","Nisling"
"09DB001",0,0,"D",4011.181805,84.07158938,"BEAVER RIVER BELOW MATSON CREEK",4771.150391,64.29124176,-134.3883373,8.47034272692247,NA,NA,NA,NA,NA,586.378208143205,340.498268555119,245.879939588085,-5.93515510248727,153.216499347809,19.6335957810765,NA,127.93886563428,NA,134,"BEAVER RIVER BELOW MATSON CREEK","Taiga",4441231779,4441.231779,93.08513866,"non-glacial","Beaver"
"09DD004",0,0,"D",4738.5441,100,"MCQUESTEN RIVER NEAR THE MOUTH",4738.543945,63.97829273,-136.1549611,8.46348518289911,NA,NA,NA,NA,NA,519.073847841491,315.874178498487,203.199669343004,-4.99740357171394,134.074875115731,20.6999939148029,NA,122.02596924969,NA,137,"MCQUESTEN RIVER NEAR THE MOUTH","Northwestern Forested Mountains",4024240924,4024.240924,84.92568264,"non-glacial","McQuesten"
"09EA003",0,0,"D",7819.7058,100,"KLONDIKE RIVER ABOVE BONANZA CREEK",7819.705566,64.11558909,-137.9581226,8.96440218142387,507.998591375671,300.614872120826,207.383719254845,-5.72387136689158,170.955355051078,518.385948355839,277.476094621878,240.90985373396,-4.96254104736119,152.162032388686,20.4501116574504,21.9663753407743,124.872816314877,129.562893233216,139,"KLONDIKE RIVER ABOVE BONANZA CREEK","Northwestern Forested Mountains",5246547267,5246.547267,67.09392144,"non-glacial","Klondike"
"09EA004",0,0,"D",1136.9178,100,"NORTH KLONDIKE RIVER NEAR THE MOUTH",1136.917847,64.31828811,-138.3968666,7.03607623696242,578.089300166632,361.099660819765,216.989639346867,-6.27158849446778,184.000222993569,564.472682471508,357.942021883925,206.530660587583,-5.51263482384785,171.975906324048,20.1610927794967,17.0331996311422,131.869969536079,134.05132084877,142,"NORTH KLONDIKE RIVER NEAR THE MOUTH","Taiga",827469452.9,827.4694529,72.78181878,"non-glacial","North Klondike"
"09EB003",0,0,"D",2215.0017,100,"INDIAN RIVER ABOVE THE MOUTH",2215.001709,63.6922327,-138.8653541,7.7030084540365,NA,NA,NA,NA,NA,451.569125818814,320.122499726279,131.446626092536,-3.71081937929644,105.144029368304,22.7766132192791,NA,112.608981553797,NA,143,"INDIAN RIVER ABOVE THE MOUTH","Northwestern Forested Mountains",2215001700,2215.0017,100,"non-glacial","Indian"
"09EB004",0,0,"D",3057.2406,100,"SIXTY MILE RIVER NEAR THE MOUTH",3057.240479,63.83857535,-140.5284981,8.02526798382798,NA,NA,NA,NA,NA,482.311074290947,346.080883103065,136.230191187882,-4.31935859933131,105.822183020772,21.9327105309787,NA,115.717882124134,NA,144,"SIXTY MILE RIVER NEAR THE MOUTH","Northwestern Forested Mountains",3057240600,3057.2406,100,"non-glacial","Sixty Mile"
"09FD002",0,0,"C",56023.52636,95.06388976,"PORCUPINE RIVER NEAR INTERNATIONAL BOUNDARY",58932.5,67.11221045,-138.7179415,10.9841480001461,NA,NA,NA,NA,NA,430.671901994979,262.741504017953,167.930397977026,-7.22184572355965,112.154633422739,19.8204858412029,NA,130.370147605168,NA,146,"PORCUPINE RIVER NEAR INTERNATIONAL BOUNDARY","Taiga",50881368158,50881.36816,86.33838474,"non-glacial","Porcupine"
"10AA004",0,0,"S",5155.323299,99.99999999,"RANCHERIA RIVER NEAR THE MOUTH",5155.323242,59.95854448,-130.3009667,8.54778509904389,NA,NA,NA,NA,NA,660.342336235792,330.787952721657,329.554383514135,-2.67425605683613,180.433323026406,20.2017354665522,NA,130.060162591165,NA,150,"RANCHERIA RIVER NEAR THE MOUTH","Northwestern Forested Mountains",5155323299,5155.323299,99.99999999,"non-glacial","Rancheria"
"10AA005",0,0,"S",1010.7882,100,"BIG CREEK AT KM 1084.8 ALASKA HIGHWAY",1010.788208,59.97584765,-130.0638761,6.91848570943887,NA,NA,NA,NA,NA,649.181336135679,339.028082861883,310.153253273796,-2.25541059258244,157.864701117241,21.1343773570759,NA,126.412246289115,NA,151,"BIG CREEK AT KM 1084.8 ALASKA HIGHWAY","Northwestern Forested Mountains",1010788200,1010.7882,100,"non-glacial","Big Creek 2"
"10AC005",0,0,"S",880.5239999,100,"COTTONWOOD RIVER ABOVE BASS CREEK",880.5239868,59.18292274,-130.1951918,6.78051716981392,707.23774206139,290.974798685779,416.262943375612,-4.59145027115942,383.320315757725,749.839674641065,286.012975621103,463.826699019962,-3.21671011460241,260.935313613249,19.0288135945044,21.7174941163326,135.841081431946,140.289594764448,154,"COTTONWOOD RIVER ABOVE BASS CREEK","Northwestern Forested Mountains",880523999.9,880.5239999,100,"non-glacial","Cottonwood"
"10BE007",0,0,"S",1191.6837,100,"TROUT RIVER AT KILOMETRE 783.7 ALASKA HIGHWAY",1191.683716,59.03488781,-125.923371,7.08312247349052,731.302857854822,371.610525712761,359.692332142061,-4.36266840121341,337.740537427017,749.794507673636,345.442114997062,404.352392676574,-3.39406658640908,250.913228988598,20.2432180597034,21.9597072655981,132.768558115823,135.561265127411,156,"TROUT RIVER AT KILOMETRE 783.7 ALASKA HIGHWAY","Northwestern Forested Mountains",1191683700,1191.6837,100,"non-glacial","Trout 2"
"10BE009",0,0,"S",152.9738836,72.60149147,"TEETER CREEK NEAR THE MOUTH",210.7035065,59.56252741,-126.1814391,5.35045196281689,NA,NA,NA,NA,NA,583.33589133274,345.457032252676,237.878859080064,-1.55347776801822,119.683152684695,24.0823652955322,NA,112.911942044597,NA,157,"TEETER CREEK NEAR THE MOUTH","Northwestern Forested Mountains",210703500,210.7035,100,"non-glacial","Teeter"
"10BE013",0,0,"D",2351.703887,61.30439774,"SMITH RIVER NEAR THE MOUTH",3836.109619,60.03148461,-126.449895,8.25221401197668,NA,NA,NA,NA,NA,607.879786474818,365.067625471641,242.812161003177,-2.07032594125294,121.092406175993,22.9885857428348,NA,114.981590543869,NA,158,"SMITH RIVER NEAR THE MOUTH","Northwestern Forested Mountains",3836109600,3836.1096,100,"non-glacial","Smith"
"10CD003",0,0,"S",274.7727003,100.0000001,"RASPBERRY CREEK NEAR THE MOUTH",274.7727051,58.95539724,-123.3849474,5.61594422899578,NA,NA,NA,NA,NA,575.564679919801,384.368961499241,191.19571842056,-0.363802964247695,109.024696330614,26.090317573386,NA,104.28027151265,NA,163,"RASPBERRY CREEK NEAR THE MOUTH","Taiga",274772700.3,274.7727003,100.0000001,"non-glacial","Raspberry"
"10CD005",0,0,"S",92.37797203,83.33849544,"ADSETT CREEK AT KILOMETRE 386.0 ALASKA HIGHWAY",110.8467026,58.078155,-122.602269,4.7081481891156,NA,NA,NA,NA,NA,618.525749504451,436.067991963921,182.45775754053,0.0471645437362755,95.3042762605646,25.1447756192748,NA,102.213720815531,NA,164,"ADSETT CREEK AT KILOMETRE 386.0 ALASKA HIGHWAY","Taiga",110846699.9,110.8466999,99.99999994,"non-glacial","Adsett"
"10ED003",0,0,"S",549.7415999,100,"BIRCH RIVER AT HIGHWAY NO. 7",549.7415771,61.18274385,-121.9111309,6.30944830798962,475.315117713754,315.27010296762,160.045014746134,-2.30328250073324,133.080753062496,533.650599545706,357.15915377464,176.491445771065,-1.5812187218098,176.215802020902,26.1559794440206,22.471868204568,115.741060821149,107.667917024456,169,"BIRCH RIVER AT HIGHWAY NO. 7","Taiga",549741599.9,549.7415999,100,"non-glacial","Birch"
"10ED007",0,0,"S",1338.564112,95.22731007,"BLACKSTONE RIVER AT HIGHWAY NO. 7",1405.651489,61.0214898,-122.1891639,7.24825616753379,NA,NA,NA,NA,NA,573.646933182918,390.001669823329,183.645263359589,-1.63769433565365,172.981677472137,25.5593788107545,NA,116.265196240732,NA,170,"BLACKSTONE RIVER AT HIGHWAY NO. 7","Taiga",1405651500,1405.6515,100,"non-glacial","Blackstone 2"
"10ED009",0,0,"S",129.8259,99.99999999,"SCOTTY CREEK AT HIGHWAY NO. 7",129.8258972,61.34386677,-121.3497382,4.86619430054802,NA,NA,NA,NA,NA,479.748318487594,322.235769405229,157.512549082365,-1.7691871458207,168.153164844562,26.0203878483278,NA,115.837389356465,NA,171,"SCOTTY CREEK AT HIGHWAY NO. 7","Taiga",129825900,129.8259,99.99999999,"non-glacial","Scotty"
"10FB005",0,0,"S",1259.7678,100,"JEAN-MARIE RIVER AT HIGHWAY NO. 1",1259.767822,61.15020812,-120.9137683,7.13868271471207,450.89517019108,299.136421786647,151.758748404433,-2.28830482295714,133.17900614008,478.612187311131,281.270253807728,197.341933503403,-1.60181019089491,159.725021138915,25.7141553873041,25.9849960209519,114.939874601251,107.11240209064,173,"JEAN-MARIE RIVER AT HIGHWAY NO. 1","Taiga",1259767800,1259.7678,100,"non-glacial","Jean-Marie"
"10GC003",0,0,"D",2055.331592,99.22114993,"MARTIN RIVER AT HIGHWAY NO. 1",2071.465088,61.67744621,-122.0610203,7.63601140788762,441.494529452629,298.65700604904,142.837523403589,-3.25723912459229,129.954799724348,475.099649585568,284.41623938379,190.683410201778,-2.48708577822747,170.905861421718,25.7307981431691,26.0541960161438,117.355645081415,110.972069972933,178,"MARTIN RIVER AT HIGHWAY NO. 1","Taiga",2071465200,2071.4652,100,"non-glacial","Martin"
"10JA002",0,0,"D",26583.08312,82.74003846,"CAMSELL RIVER AT OUTLET OF CLUT LAKE",32128.43945,64.96351075,-117.1032059,10.377496881058,346.17874273717,185.864333107292,160.314409629878,-7.67868826536772,135.110805599678,364.385690226312,185.908830392049,178.476859834263,-6.48983704578167,109.970165334561,22.5829244383495,24.3736413035935,129.816574270982,131.440166840313,179,"CAMSELL RIVER AT OUTLET OF CLUT LAKE","Taiga",32128439399,32128.4394,100,"non-glacial","Camsell"
"10LC003",0,0,"C",1336.7259,99.99999997,"RENGLENG RIVER BELOW HIGHWAY NO. 8 (DEMPSTER HIGHWAY)",1336.725952,67.68075209,-133.0579521,7.19797858376614,275.684648829139,133.676626342237,142.008022486902,-8.39791310929442,96.7936207990396,311.304900595876,178.724640182505,132.580260413371,-6.43365302887085,102.325872167442,25.4028038885053,24.1878381684743,129.506800141904,131.570787636781,185,"RENGLENG RIVER BELOW HIGHWAY NO. 8 (DEMPSTER HIGHWAY)","Taiga",1336725900,1336.7259,99.99999997,"non-glacial","Rengleng"
"10LC007",0,0,"C",610.1954998,99.99999997,"CARIBOU CREEK ABOVE HIGHWAY NO. 8 (DEMPSTER HIGHWAY)",610.1954956,67.97674266,-132.9821984,6.4137793904133,277.232450245989,133.290546750916,143.941903495073,-8.56582047198866,96.9808141291315,313.171031421169,172.858849183476,140.312182237693,-6.88894401640976,112.558148924248,21.9082380352017,21.9744324861193,132.263121112962,133.502618188809,186,"CARIBOU CREEK ABOVE HIGHWAY NO. 8 (DEMPSTER HIGHWAY)","Taiga",610195499.8,610.1954998,99.99999997,"non-glacial","Caribou"
"10MA003",0,0,"D",1174.9797,99.99999999,"BLACKSTONE RIVER NEAR CHAPMAN LAKE AIRSTRIP",1174.979736,64.67083345,-138.536494,7.0690061804721,NA,NA,NA,NA,NA,578.024535681267,372.374704514025,205.649831167242,-6.8816650351112,143.147545168785,14.1981899646624,NA,133.080368531599,NA,191,"BLACKSTONE RIVER NEAR CHAPMAN LAKE AIRSTRIP","Taiga",1174979700,1174.9797,100,"non-glacial","Blackstone 1"
"10ND002",0,0,"D",63.0567,100,"TRAIL VALLEY CREEK NEAR INUVIK",63.05670166,68.71400923,-133.6377274,4.14403434795988,NA,NA,NA,NA,NA,281.442370713504,145.026029813323,136.416340900182,-7.91899189360144,113.193014211584,21.1308377127599,NA,136.161124134894,NA,194,"TRAIL VALLEY CREEK NEAR INUVIK","Tundra",63056700,63.0567,100,"non-glacial","Trail Valley"
"10PA002",0,0,"C",3078.844201,100,"YAMBA RIVER BELOW DARING LAKE",3078.844238,64.99054265,-111.0404328,8.0323095581421,NA,NA,NA,NA,NA,373.985203251236,204.940500043679,169.044703207557,-9.48697583465031,166.943727739807,23.4418257578443,NA,145.734069720554,NA,195,"YAMBA RIVER BELOW DARING LAKE","Tundra",3078844201,3078.844201,100,"non-glacial","Yamba"
"10PB001",0,0,"C",20291.6736,100,"COPPERMINE RIVER AT OUTLET OF POINT LAKE",20291.67383,65.01021442,-111.8098742,9.9179659247352,378.176377585284,189.627998880659,188.548378704625,-10.3518120295566,163.374697386276,376.633440146011,173.748622609468,202.884817536543,-9.1274360571211,167.740873984452,22.2430958271105,24.3915121879177,144.221006772551,141.537499479456,197,"COPPERMINE RIVER AT OUTLET OF POINT LAKE","Tundra",17713638064,17713.63806,87.29510642,"non-glacial","Coppermine"
"10RA001",0,0,"C",16580.28863,99.99999997,"BACK RIVER BELOW BEECHY LAKE",16580.28906,65.05059229,-107.7610448,9.71596986279545,NA,NA,NA,NA,NA,372.38966706441,199.524398817829,172.86526824658,-9.91721255208209,152.909090845578,23.3438950333326,NA,147.763184864858,NA,198,"BACK RIVER BELOW BEECHY LAKE","Tundra",16580288634,16580.28863,99.99999996,"non-glacial","Back River"
"15261000",0,0,"S",41.3305641,95.1052882,"COOPER",43.45769119,60.42882226,-149.8649772,3.77178784847463,NA,NA,NA,NA,NA,1538.43468860268,545.196144581342,993.238544021334,0.455549448608136,524.826511406501,21.2500335265085,NA,132.310467564167,NA,219,"","Marine West Coast Forest",43457692.92,43.45769292,100,"non-glacial","Cooper"
"15271000",0,0,"S",575.072685,94.96571257,"SIXMILE",605.5582275,60.69863245,-149.348828,6.40615072269666,NA,NA,NA,NA,NA,2243.86353149237,677.284678493753,1566.57885299861,0.521570046301151,680.168706295868,21.9361682471765,NA,135.480225521573,NA,222,"","Marine West Coast Forest",605558226.7,605.5582267,100,"non-glacial","Sixmile"
"15477740",0,0,"D",1751.309523,100,"GOODPASTER",1751.30957,64.45763784,-144.233684,7.46811911277577,NA,NA,NA,NA,NA,594.319008162986,393.32850150465,200.990506658336,-4.96788962438347,152.877467824419,21.5890158108479,NA,121.229140623135,NA,247,"","Northwestern Forested Mountains",1751309523,1751.309523,100,"non-glacial","Goodpaster"
"15484000",0,0,"D",5703.040819,100,"SALCHA",5703.041016,64.71045625,-145.2540412,8.64875482313488,583.478050067613,404.222433148484,179.255616919129,-4.83348026116306,144.837027885498,578.569288327862,398.492185558177,180.077102769685,-4.04948275014992,135.290840302281,21.6792516561294,22.7755223479668,116.79033905264,122.915621863243,249,"","Northwestern Forested Mountains",5259336520,5259.33652,92.21986458,"non-glacial","Salcha"
"15511000",0,0,"D",963.8957051,100,"L_CHENA",963.8956909,65.04243617,-146.9587593,6.87098308429544,496.725034001918,341.177092183082,155.547941818836,-3.28338488602944,118.227305376995,495.385404399221,342.29252327194,153.092881127281,-2.30694538904341,114.892401429179,24.3605854118507,25.1600528759586,110.006104992012,115.936420400747,255,"","Northwestern Forested Mountains",489248984.2,489.2489842,50.75746075,"non-glacial","Little Chena"
"15514000",0,0,"D",5155.429777,100,"CHENA_1",5155.429688,64.95406565,-146.369062,8.54780574661458,511.492784261228,347.598797257862,163.893987003366,-3.88131457393793,128.633017509515,511.437330101167,348.599008920128,162.838321181039,-2.93830326669878,123.362251189258,23.3981122208257,23.896547172309,112.474016678909,118.32493156821,257,"","Northwestern Forested Mountains",3774848764,3774.848764,73.22083566,"non-glacial","Chena"
"15515060",0,0,"D",40.52349077,99.99999954,"MARGUERITE_2",40.52349091,63.97069386,-148.7172937,3.70188182843361,NA,NA,NA,NA,NA,665.138648517941,443.911326134903,221.227322383037,-3.06686439954197,116.448668590373,NA,NA,NA,NA,259,"MARGUERITE C AB EMMA C NR HEALY AK","Northwestern Forested Mountains",40523490.77,40.52349077,99.99999954,"non-glacial","Marguerite"
"15564879",0,0,"C",162.4592292,85.81838353,"SLATE",189.3058624,67.25199175,-149.929668,5.24336402656829,NA,NA,NA,NA,NA,528.750955202931,293.872089328361,234.87886587457,-7.83483643312398,168.130350839324,22.6792930567161,NA,132.469647840057,NA,263,"","Tundra",126652430.3,126.6524303,66.90359723,"non-glacial","Slate"
"15747000",0,0,"C",1824.830299,100,"WULIK",1824.830322,68.09534638,-163.1839603,7.50924228744764,NA,NA,NA,NA,NA,569.070432810809,248.585557459484,320.484875351325,-7.03974172296807,263.018543938307,24.9302435479241,NA,140.770257785083,NA,268,"","Tundra",1824830299,1824.830299,100,"non-glacial","Wulik"
"15896000",0,0,"C",8660.701013,100,"KUPARUK",8660.701172,69.41005283,-149.6050178,9.0665509650225,318.154378349223,151.688404702146,166.465973647077,-11.3749865494702,163.182641633428,366.539834998041,174.885955587522,191.653879410519,-9.33382777977179,158.551685516893,22.6958689921122,NA,141.316490092374,147.831728297924,270,"","Tundra",8660701013,8660.701013,100,"non-glacial","Kuparuk"
"06CD002",0,0,"Unfrozen",0,58.97595334,"CHURCHILL RIVER ABOVE OTTER RAPIDS",118471.5703,55.28088174,-108.169118,11.6824282976934,527.385813512836,377.180477212673,150.205336300163,0.438510521652184,97.9002887476479,549.464714318093,358.589721466121,190.874992851972,1.01869015815317,101.172252655051,21.9074978912764,23.7942544679658,103.061807487137,101.638826890717,20,"CHURCHILL RIVER ABOVE OTTER RAPIDS","Northern Forests",1.18472e+11,118471.5738,100,"non-glacial","Churchill"
"07CD001",0,0,"Unfrozen",0,38.31764104,"CLEARWATER RIVER AT DRAPER",30796.02734,56.61966903,-109.8368544,10.3351409781752,529.400296272893,374.144104398275,155.256191874618,-0.300310943610421,106.474169575366,532.830480107124,343.010042348929,189.820437758195,0.353231181571562,113.449760214123,22.5575430821699,24.6377502714624,103.488130797718,101.388715736033,36,"CLEARWATER RIVER AT DRAPER","Northern Forests",30796027200,30796.0272,100,"non-glacial","Clearwater"
"07FD001",0,0,"Unfrozen",0,81.86305361,"KISKATINAW RIVER NEAR FARMINGTON",3606.351318,55.42096942,-120.5611663,8.1904518249744,628.210598721105,392.448610908302,235.761987812803,1.83298257410366,162.412140930909,619.6294818857,340.369253823792,279.260228061908,2.30455806458218,146.491406051577,24.6940992421326,27.439354778847,105.930271954472,103.1678763523,60,"KISKATINAW RIVER NEAR FARMINGTON","Northern Forests",3599055773,3599.055773,99.79770336,"non-glacial","Kiskatinaw"
"07OC001",0,0,"Unfrozen",0,60.353665417,"CHINCHAGA RIVER NEAR HIGH LEVEL",10434.05957,57.6841429,-119.0506044,9.2528306927859,487.999865111083,329.182752368098,158.817112742986,0.0864237633830436,118.386903726552,471.734849338008,318.808038371742,152.926810966266,0.706225909362751,108.048907933399,23.7892486576041,26.1889110509547,100.715125003213,102.239288110958,80,"CHINCHAGA RIVER NEAR HIGH LEVEL","Northern Forests",7405936213,7405.936213,70.97847676,"non-glacial","Chinchaga"
"15294005",0,0,"Unfrozen",0,93.496758152,"WILLOW",432.2999268,61.81143707,-149.5223069,6.06911962234672,NA,NA,NA,NA,NA,987.131444779907,649.312304989225,337.819139790682,0.57977326544211,227.198795537281,18.6193443439293,NA,118.84050798095,NA,232,"","Northwestern Forested Mountains",369095777.1,369.0957771,85.37955946,"non-glacial","Willow"
"07FD004",0,0,"Unfrozen",NA,100,"ALCES RIVER AT 22ND BASE LINE",309.1401062,56.47021849,-120.1549841,5.73379459225779,NA,NA,NA,NA,NA,475.571089593815,310.262658999465,165.30843059435,1.72416197684833,116.896550466176,20.5656443984539,NA,103.351618944126,NA,62,"ALCES RIVER AT 22ND BASE LINE","Northern Forests",309140100,309.1401,100,"non-glacial","Alces"
"07BF905",0,0,"Unfrozen",NA,100,"SOUTH HEART RIVER NEAR BIG PRAIRIE SETTLEMENT",5986.922363,55.45754323,-116.3437912,8.69733276324481,NA,NA,NA,NA,NA,565.232341037829,399.787815323863,165.444525713966,2.45251602777869,147.33671224544,18.3174274359695,NA,106.089014542007,NA,33,"SOUTH HEART RIVER NEAR BIG PRAIRIE SETTLEMENT","Northern Forests",5986922400,5986.9224,100,"non-glacial","South Heart"
"15101490",0,0,"Unfrozen",NA,100,"GREENS",23.04885674,58.08238814,-134.588923,3.13761616908026,NA,NA,NA,NA,NA,2778.1968258589,1636.89761610624,1141.29920975266,4.23071130632197,823.01430871571,19.7853271975338,NA,114.531561334688,NA,211,"","Marine West Coast Forest",23048857.31,23.04885731,100,"non-glacial","Greens"
"15295700",0,0,"Unfrozen",NA,100,"TERROR",106.3136444,57.64211011,-153.0759916,4.66639363458962,NA,NA,NA,NA,NA,1758.11440186357,962.071807400874,796.042594462697,3.11049996918061,654.307176004522,21.9999888971355,NA,118.180488757829,NA,233,"","Marine West Coast Forest",106313644.7,106.3136447,100,"non-glacial","Terror"
"15072000",0,0,"Unfrozen",NA,100,"FISH_SE",89.61721039,55.49842778,-131.1728239,4.49554738178137,3300.42160588992,2460.42120238943,840.000403500489,4.43509215389905,1546.30718865339,3436.82313308388,2620.87277474529,815.950358338592,6.40512539100151,916.475392909291,22.2431167449499,24.5226301882537,96.4150661329914,112.406707547298,208,"","Marine West Coast Forest",89617213.93,89.61721393,100,"non-glacial","Fish"
"15081497",0,0,"Unfrozen",NA,100,"STANEY",126.7688217,55.74358225,-133.0502105,4.84236512612161,NA,NA,NA,NA,NA,2394.75784278295,2019.22838907039,375.529453712557,7.14320871596951,322.202804562778,21.0987832818211,NA,85.7088860476922,NA,209,"","Marine West Coast Forest",126768824,126.768824,100,"non-glacial","Staney"
"15129500",0,0,"Unfrozen",NA,100,"SITUK",91.87195587,59.63803673,-139.4248173,4.52039582359632,NA,NA,NA,NA,NA,3097.05952402654,2007.00179441626,1090.05772961028,4.02484688127311,594.313033867682,22.4048260527344,NA,129.344919485078,NA,212,"","Marine West Coast Forest",91871958.86,91.87195886,100,"non-glacial","Situk"
"15237730",0,0,"Unfrozen",NA,100,"GROUSE",15.54489422,60.23570982,-149.3690418,2.74373223872719,NA,NA,NA,NA,NA,2476.55390425614,728.991780561197,1747.56212369494,-0.10859794192795,795.614501595735,22.8154431180625,NA,142.620385281013,NA,214,"","Marine West Coast Forest",15544894.13,15.54489413,99.99999976,"non-glacial","Grouse"
"15297610",0,0,"Unfrozen",NA,100,"RUSSELL",80.25648499,55.11804858,-162.7469487,4.38522756858942,NA,NA,NA,NA,NA,1180.67984854603,935.297215890254,245.382632655776,4.43855021201284,95.360547358317,20.2228396893684,NA,94.3106172067826,NA,234,"","Marine West Coast Forest",59029744.22,59.02974422,73.55137111,"non-glacial","Russell"
"06BA002",0,0,"Unfrozen",NA,100,"DILLON RIVER BELOW DILLON LAKE",2337.435791,55.66657711,-109.8032376,7.75680979169465,NA,NA,NA,NA,NA,567.636881372805,414.360967187813,153.275914184991,1.23941220228326,100.041653525555,24.823028407722,NA,99.8397456565471,NA,17,"DILLON RIVER BELOW DILLON LAKE","Northern Forests",2337435900,2337.4359,100,"non-glacial","Dillon"
"06BB005",0,0,"Unfrozen",NA,100,"CANOE RIVER NEAR BEAUVAL",4642.757813,55.08212699,-108.3639543,8.44306382491058,NA,NA,NA,NA,NA,562.559462345778,413.685917431045,148.873544914733,1.63961046198775,95.0991974190307,25.1634468711511,NA,98.8742388447527,NA,18,"CANOE RIVER NEAR BEAUVAL","Northern Forests",4642758000,4642.758,100,"non-glacial","Canoe"
"07BF002",0,0,"Unfrozen",NA,100,"WEST PRAIRIE RIVER NEAR HIGH PRAIRIE",1157.005859,55.05903167,-116.4691895,7.05359079113937,NA,NA,NA,NA,NA,623.266394374761,448.710141067452,174.55625330731,2.71907594851004,147.086386850247,24.6529389588923,NA,105.017669201439,NA,32,"WEST PRAIRIE RIVER NEAR HIGH PRAIRIE","Northern Forests",1157005800,1157.0058,100,"non-glacial","West Prairie"
"07BK001",0,0,"Unfrozen",NA,100,"LESSER SLAVE RIVER AT SLAVE LAKE",13546.75098,55.37092164,-115.8837237,9.51390201748221,NA,NA,NA,NA,NA,595.836405514035,428.401475176124,167.434930337912,2.42372089345008,131.611070411725,23.8025569143984,NA,105.349276892653,NA,34,"LESSER SLAVE RIVER AT SLAVE LAKE","Northern Forests",13546750501,13546.7505,100,"non-glacial","Lesser Slave"
"07BK007",0,0,"Unfrozen",NA,100,"DRIFTWOOD RIVER NEAR THE MOUTH",2103.577148,55.44536295,-113.9543224,7.65139457837419,579.388739861483,437.595148426745,141.793591434739,1.34054073095043,91.3552235780551,538.889394504062,392.470425235202,146.41896926886,1.81154996494982,136.036145224882,24.5497492760841,27.3828884149291,104.179979090776,98.4404561136802,35,"DRIFTWOOD RIVER NEAR THE MOUTH","Northern Forests",2103577201,2103.577201,100,"non-glacial","Driftwood 2"
"07HA003",0,0,"Unfrozen",NA,100,"HEART RIVER NEAR NAMPA",1957.363159,56.04757834,-116.7438,7.57935351941887,NA,NA,NA,NA,NA,500.851970922891,360.086703946994,140.765266975897,2.03040616836465,126.282835404847,25.1925372617961,NA,102.493238685212,NA,64,"HEART RIVER NEAR NAMPA","Northern Forests",1957363200,1957.3632,100,"non-glacial","Heart"
"07JD002",0,0,"Unfrozen",NA,100,"WABASCA RIVER AT HIGHWAY NO. 88",35903.48047,56.58199268,-114.6483371,10.4885895188022,542.177153409479,394.958531990756,147.218621418723,0.882465288467839,106.259123755433,508.61894756217,326.202818869095,182.416128693075,1.31836592518051,135.012428174606,22.8931539167578,24.6332728005283,102.483075806047,98.0642414335647,66,"WABASCA RIVER AT HIGHWAY NO. 88","Northern Forests",35903481298,35903.4813,99.99999999,"non-glacial","Wabasca"
"07HC001",0,0,"Unfrozen",NA,100,"NOTIKEWIN RIVER AT MANNING",4675.073242,56.92085306,-118.6803332,8.45000010833803,540.958435610296,369.769703792924,171.188731817371,0.595144534978838,118.364769001603,513.075715049163,305.305593238078,207.770121811085,0.987528199237612,135.617014204382,23.6874872968045,26.6919928069572,105.243492126957,101.208600489152,65,"NOTIKEWIN RIVER AT MANNING","Northern Forests",4675073400,4675.0734,100,"non-glacial","Notikewin"
