"","name","seasonal","rms.signal","rms.noise","snr","n.floods","sigma.hfb","start.date","end.date","HSAM","HSAM_t","peak","event.duration.h","station","glacier_area_km2","glacier_percent","permafrost_class","permafrost_area","permafrost_percent","area_km2","latitude.c","longitude.c","area_km2_log","ppt.60","rain.60","snowfall.60","temp.60","snowmelt.60","ppt.20","rain.20","snowfall.20","temp.20","snowmelt.20","SI.20","SI.60","snowmelt.t.20","snowmelt.t.60","OBJECTID","NameNom","ecoregion1","Shape_Area","AREA","ecoreg1_percent","glacial","name.s"
"1","ANTLER",1,0.376739223574065,0.0104151812569246,71.7657751086916,290,0.62064972485634,"2000-01-02","2022-12-31",0.866513938160139,43.5652173913044,175,11.3692478994286,"15055500",36.96745772,60.65880235,"Unfrozen",0,76.77920627,60.94327164,58.84791226,-134.6420867,4.10994345836528,NA,NA,NA,NA,NA,3059.05771288412,1049.05702660443,2010.00068627968,-0.966565108992583,1306.70154646332,20.7983183201353,NA,158.213869937939,NA,205,"","Marine West Coast Forest",60943270.05,60.94327005,100,"glacial","Antler"
"2","BRADLEY_2",1,0.136961124256394,0.00605454749507434,62.3777495847054,319,0.816389445852565,"2000-01-02","2022-12-31",1.0854652950461,84.9130434782609,159,8.39769190604636,"15239070",62.81225038,28.22504543,"Unfrozen",0,73.1186132,222.5408325,59.73995707,-150.7161343,5.40511060162307,NA,NA,NA,NA,NA,2147.31944983018,668.096971889782,1479.22247794039,0.696848144909158,1001.48170361219,22.9943441849784,NA,142.328252217904,NA,216,"","Marine West Coast Forest",222540830.1,222.5408301,100,"glacial","Bradley "
"3","CHENA_1",1,0.154365108178359,0.00504260036850721,68.427974671812,118,0.28776868029223,"2000-01-02","2022-12-31",0.39808519684124,-74.8695652173913,243,33.418823326432,"15514000",0,0,"D",5155.429777,100,5155.429688,64.95406565,-146.369062,8.54780574661458,511.492784261228,347.598797257862,163.893987003366,-3.88131457393793,128.633017509515,511.437330101167,348.599008920128,162.838321181039,-2.93830326669878,123.362251189258,23.3981122208257,23.896547172309,112.474016678909,118.32493156821,257,"","Northwestern Forested Mountains",3774848764,3774.848764,73.22083566,"non-glacial","Chena"
"4","COLVILLE",1,0.614808804106375,0.0189896956041092,69.5482967283224,143,0.732911172544653,"2002-08-21","2022-12-31",1.14622213600765,-15.2380952380952,175,24.4576599326599,"15875000",1.838496531,0.005121896,"C",35894.84521,100,35894.84375,68.69252487,-155.935946,10.4883489360272,NA,NA,NA,NA,NA,458.123638875284,219.543281777985,238.580357097299,-9.35872055158285,178.205651276456,16.4867434900531,NA,140.481602334649,NA,269,"","Tundra",35894845206,35894.84521,100,"non-glacial","Colville"
"5","COOPER",1,0.371185223073839,0.0114586835532084,69.5590672018992,165,1.13874957449566,"2000-01-02","2022-12-31",1.38841943830756,58.3913043478261,166,21.6546348578957,"15261000",0,0,"S",41.3305641,95.1052882,43.45769119,60.42882226,-149.8649772,3.77178784847463,NA,NA,NA,NA,NA,1538.43468860268,545.196144581342,993.238544021334,0.455549448608136,524.826511406501,21.2500335265085,NA,132.310467564167,NA,219,"","Marine West Coast Forest",43457692.92,43.45769292,100,"non-glacial","Cooper"
"6","FISH_SE",1,0.0858274669343013,0.00597911413532515,53.2813332723985,334,0.432660196962927,"2000-01-02","2022-12-31",0.71272357455752,72.3913043478261,143,11.1850131922265,"15072000",0,0,"Unfrozen",NA,100,89.61721039,55.49842778,-131.1728239,4.49554738178137,3300.42160588992,2460.42120238943,840.000403500489,4.43509215389905,1546.30718865339,3436.82313308388,2620.87277474529,815.950358338592,6.40512539100151,916.475392909291,22.2431167449499,24.5226301882537,96.4150661329914,112.406707547298,208,"","Marine West Coast Forest",89617213.93,89.61721393,100,"non-glacial","Fish"
"7","GOODPASTER",1,0.296272392341847,0.00905090411858617,69.768292404576,198,0.51883666385932,"2000-01-02","2022-12-31",0.826312551440833,6.69565217391304,158,19.9568716752355,"15477740",0,0,"D",1751.309523,100,1751.30957,64.45763784,-144.233684,7.46811911277577,NA,NA,NA,NA,NA,594.319008162986,393.32850150465,200.990506658336,-4.96788962438347,152.877467824419,21.5890158108479,NA,121.229140623135,NA,247,"","Northwestern Forested Mountains",1751309523,1751.309523,100,"non-glacial","Goodpaster"
"8","GREENS",1,0.334204320420475,0.0123690665594014,65.9310764040469,335,0.797920076739845,"2000-01-02","2022-12-31",1.19594516351306,53.9565217391304,158,8.80066121670914,"15101490",0,0,"Unfrozen",NA,100,23.04885674,58.08238814,-134.588923,3.13761616908026,NA,NA,NA,NA,NA,2778.1968258589,1636.89761610624,1141.29920975266,4.23071130632197,823.01430871571,19.7853271975338,NA,114.531561334688,NA,211,"","Marine West Coast Forest",23048857.31,23.04885731,100,"non-glacial","Greens"
"9","GROUSE",1,0.337487946351165,0.016143951818605,60.7996863205967,172,2.13670214222302,"2000-01-02","2022-12-31",3.02189326092038,102.130434782609,143,18.698601639906,"15237730",0,0,"Unfrozen",NA,100,15.54489422,60.23570982,-149.3690418,2.74373223872719,NA,NA,NA,NA,NA,2476.55390425614,728.991780561197,1747.56212369494,-0.10859794192795,795.614501595735,22.8154431180625,NA,142.620385281013,NA,214,"","Marine West Coast Forest",15544894.13,15.54489413,99.99999976,"non-glacial","Grouse"
"10","ILIAMNA",1,0.258717164044503,0.00756195201752649,70.6521214808827,254,0.444206259034035,"2000-01-02","2022-12-31",0.738104989493725,69.9130434782609,169,12.656342094961,"15300300",0.001860246,0.000557739,"S",200.1651272,60.01350019,333.5335083,59.83974251,-153.6395258,5.80974333497111,NA,NA,NA,NA,NA,1843.81026737102,771.651112751795,1072.15915461923,0.314534315262999,596.155405906931,22.448577720902,NA,131.662664716482,NA,236,"","Northwestern Forested Mountains",333533499.3,333.5334993,100,"non-glacial","Iliamna"
"11","KENAI_1",1,0.154494345794719,0.00459344235102485,70.3105557667864,136,0.17403861887224,"2000-01-02","2022-12-31",0.245006970853558,51.3913043478261,186,29.8837819185645,"15258000",182.6177707,10.96746811,"S",1031.377106,61.94137332,1665.085938,60.43682936,-149.3159025,7.41763201549698,2646.04042625403,706.240998327297,1939.79942792673,-1.81535358219455,990.550183399392,2616.30242986945,707.013086733603,1909.28934313585,-0.331861878459463,813.658121164848,21.8227240096174,24.3325874467281,141.146745478885,152.204009307792,218,"","Marine West Coast Forest",1665085952,1665.085952,100,"glacial","Kenai"
"12","KUPARUK",1,0.744829744780231,0.0234719445269525,69.1469960747893,127,1.37459850866671,"2000-01-02","2022-12-31",2.2658739200315,-22.4347826086957,175,31.5942891649413,"15896000",0,0,"C",8660.701013,100,8660.701172,69.41005283,-149.6050178,9.0665509650225,318.154378349223,151.688404702146,166.465973647077,-11.3749865494702,163.182641633428,366.539834998041,174.885955587522,191.653879410519,-9.33382777977179,158.551685516893,22.6958689921122,NA,141.316490092374,147.831728297924,270,"","Tundra",8660701013,8660.701013,100,"non-glacial","Kuparuk"
"13","KUSKOKWIM_1",1,0.0701415658599076,0.0024262044570046,67.2837496971309,119,0.112301066322315,"2000-01-02","2022-12-31",0.166015440626365,-1.43478260869565,154,30.3977053140097,"15304000",1989.205482,2.469850434,"D",57269.49923,71.10733346,80539.51563,62.10985956,-155.1863512,11.2965032203571,NA,NA,NA,NA,NA,813.163142438668,482.003376125877,331.15976631279,-1.21457713172096,261.143076572266,17.5296275324979,NA,121.38870935727,NA,239,"","Taiga",60022185500,60022.1855,74.52514195,"glacial","Kuskokwim"
"14","L_CHENA",1,0.252779921091086,0.0091187989251081,66.4436226889883,109,0.606691452382071,"2000-01-02","2022-12-31",0.8883969883156,-80.695652173913,242,36.2805900621118,"15511000",0,0,"D",963.8957051,100,963.8956909,65.04243617,-146.9587593,6.87098308429544,496.725034001918,341.177092183082,155.547941818836,-3.28338488602944,118.227305376995,495.385404399221,342.29252327194,153.092881127281,-2.30694538904341,114.892401429179,24.3605854118507,25.1600528759586,110.006104992012,115.936420400747,255,"","Northwestern Forested Mountains",489248984.2,489.2489842,50.75746075,"non-glacial","Little Chena"
"15","L_SUSITNA",1,0.397439322559089,0.0119247488680133,70.1285259505181,183,0.617612509846425,"2000-01-02","2022-12-31",0.947879078874852,58.7826086956522,170,19.4674534189879,"15290000",3.16537201,1.972794295,"Unfrozen",NA,100,160.4511871,61.7974342,-149.1757815,5.07798976609503,984.050150575915,598.086020218793,385.964130357122,-1.37788382081565,356.646864971177,981.034687344251,597.589121821884,383.445565522367,-0.0314408557625167,258.75185528391,19.7662141335325,21.8055144262869,125.261421209242,136.727389795296,227,"","Northwestern Forested Mountains",140064752.1,140.0647521,87.29430319,"glacial","Little Susitna"
"16","LEMON",1,0.495667932269419,0.016244802125691,68.362664454095,382,0.765775774580519,"2002-05-01","2022-12-31",1.23219786165166,6.71428571428571,232,5.80720609683377,"15052000",29.89216823,93.71218295,"Unfrozen",NA,100,31.89784622,58.39416555,-134.3685621,3.46253849089703,NA,NA,NA,NA,NA,3206.259252417,1188.22922126038,2018.03003115662,0.930292129601893,1649.39622265174,19.1563711775653,NA,139.900333693898,NA,203,"","Marine West Coast Forest",31897846.46,31.89784646,100,"glacial","Lemon"
"17","MARGUERITE_2",1,0.363282743359546,0.0205343855006311,57.4616123185629,141,3.14752917452741,"2004-06-21","2022-12-31",4.30103567540308,32.4210526315789,147,16.9074674207801,"15515060",0,0,"D",40.52349077,99.99999954,40.52349091,63.97069386,-148.7172937,3.70188182843361,NA,NA,NA,NA,NA,665.138648517941,443.911326134903,221.227322383037,-3.06686439954197,116.448668590373,NA,NA,NA,NA,259,"MARGUERITE C AB EMMA C NR HEALY AK","Northwestern Forested Mountains",40523490.77,40.52349077,99.99999954,"non-glacial","Marguerite"
"18","MATANUSKA",1,0.191173667632198,0.00549725534968187,70.9786665838323,200,0.16679727943209,"2000-05-20","2022-12-31",0.251614786848577,-10.304347826087,192,14.9966707586845,"15284000",653.3589989,12.26093218,"S",2202.223708,41.32692071,5328.787109,61.80822199,-148.0607656,8.58087893197729,NA,NA,NA,NA,NA,1149.36936821888,325.52918456512,823.84018365376,-4.73530321568307,449.382977976756,17.8401464931801,NA,144.89269660749,NA,224,"","Marine West Coast Forest",2880634636,2880.634636,54.05797728,"glacial","Matanuska"
"19","MENDENHALL",1,0.388691084486481,0.00982544791824668,73.556183089773,358,0.340342335773866,"2000-01-02","2022-12-31",0.492064550352222,-11.2608695652174,221,9.38005694164498,"15052500",188.294762,85.76091698,"Unfrozen",NA,100,219.5577698,58.48464293,-134.4921446,5.3916153860422,NA,NA,NA,NA,NA,3136.45672214086,1208.84175221112,1927.61496992974,0.53067197293521,1875.1800541776,21.3437374706776,NA,145.485314070399,NA,204,"","Marine West Coast Forest",219557776,219.557776,100,"glacial","Mendenhall"
"20","PHELAN",1,0.901859039193527,0.0223052588971245,73.9927151272945,202,0.941129602415185,"2000-01-02","2022-12-31",1.51831580814657,-2.60869565217391,205,19.1349080426312,"15478040",29.72190429,94.81363557,"D",31.3477108,99.99999996,31.34771156,63.27356914,-145.4281819,3.44514126792333,NA,NA,NA,NA,NA,893.951783252984,335.153290333686,558.798492919298,-5.51304822325369,432.188723643336,20.4677487575035,NA,142.958342488211,NA,248,"","Northwestern Forested Mountains",31347710.8,31.3477108,99.99999996,"glacial","Phelan"
"21","RUSSELL",1,0.083134153216972,0.00498704039484571,56.2722596048383,430,0.425161382082586,"2000-01-02","2022-12-31",0.733209459309497,22.0869565217391,176,6.7936404751234,"15297610",0,0,"Unfrozen",NA,100,80.25648499,55.11804858,-162.7469487,4.38522756858942,NA,NA,NA,NA,NA,1180.67984854603,935.297215890254,245.382632655776,4.43855021201284,95.360547358317,20.2228396893684,NA,94.3106172067826,NA,234,"","Marine West Coast Forest",59029744.22,59.02974422,73.55137111,"non-glacial","Russell"
"22","SAGAVANIRKTOK",1,0.371293814131067,0.0109933301093677,70.3940993163407,130,0.507366162075557,"2000-01-02","2022-12-31",0.707230139157057,-25.6086956521739,184,36.126516719995,"15908000",32.17312449,0.669770187,"C",4779.19766,99.49186348,4803.606445,68.50282966,-148.6340712,8.47712225748769,NA,NA,NA,NA,NA,536.233283168437,255.615989732629,280.617293435808,-10.0132053428461,228.175354779525,20.0858510727492,NA,146.791423325444,NA,271,"","Tundra",4803606541,4803.606541,100,"non-glacial","Sagavanirktok"
"23","SALCHA",1,0.195914426257238,0.00608655614656627,69.4319106913744,156,0.353842177256412,"2000-01-02","2022-12-31",0.528559915590857,15.9565217391304,155,28.3013332078549,"15484000",0,0,"D",5703.040819,100,5703.041016,64.71045625,-145.2540412,8.64875482313488,583.478050067613,404.222433148484,179.255616919129,-4.83348026116306,144.837027885498,578.569288327862,398.492185558177,180.077102769685,-4.04948275014992,135.290840302281,21.6792516561294,22.7755223479668,116.79033905264,122.915621863243,249,"","Northwestern Forested Mountains",5259336520,5259.33652,92.21986458,"non-glacial","Salcha"
"24","SAWMILL_2",1,0.280814397261786,0.00969737682034656,67.3167705018576,192,1.07976406790851,"2001-05-17","2022-12-31",1.39205526820623,-40.2727272727273,276,13.1546790297687,"15088000",15.73966995,15.70855789,"Unfrozen",NA,100,100.1980591,57.08100914,-135.1120619,4.60714881820368,NA,NA,NA,NA,NA,2639.09367497876,1740.70069226123,898.392982717526,5.44416246249501,795.856352103681,19.174083066689,NA,107.837906249458,NA,210,"","Marine West Coast Forest",100198058,100.198058,100,"glacial","Sawmill"
"25","SHIP",1,0.298191304443331,0.00932322832192102,69.3045257312782,173,0.489206465146334,"2000-01-02","2022-12-31",0.64994345741489,44.7391304347826,167,18.9754485852312,"15276000",6.087315319,2.635423939,"S",122.4722152,53.02275156,230.9804993,61.14528141,-149.4449171,5.44233328834362,1592.58753164726,570.991549430477,1021.59598221679,-1.22052074208181,721.015543691781,1620.55084346082,595.638909945994,1024.91193351482,0.222003980440663,517.006260174481,20.0097767053321,22.75872117566,132.707733914486,143.886725373836,223,"","Marine West Coast Forest",230980497.3,230.9804973,100,"glacial","Ship"
"26","SITUK",1,0.124439830940019,0.00639785498693553,59.3571907513216,272,0.494603136663847,"2000-01-02","2022-12-31",0.834816925704272,-83.4347826086957,272,14.1700438166551,"15129500",0,0,"Unfrozen",NA,100,91.87195587,59.63803673,-139.4248173,4.52039582359632,NA,NA,NA,NA,NA,3097.05952402654,2007.00179441626,1090.05772961028,4.02484688127311,594.313033867682,22.4048260527344,NA,129.344919485078,NA,212,"","Marine West Coast Forest",91871958.86,91.87195886,100,"non-glacial","Situk"
"27","SIXMILE",1,0.243239067930422,0.00640444363779406,72.7410542101687,213,0.304438048994953,"2000-01-02","2022-12-31",0.463609919623438,51.9565217391304,170,15.1341942670183,"15271000",0,0,"S",575.072685,94.96571257,605.5582275,60.69863245,-149.348828,6.40615072269666,NA,NA,NA,NA,NA,2243.86353149237,677.284678493753,1566.57885299861,0.521570046301151,680.168706295868,21.9361682471765,NA,135.480225521573,NA,222,"","Marine West Coast Forest",605558226.7,605.5582267,100,"non-glacial","Sixmile"
"28","SLATE",1,0.648743900942771,0.0217527287374112,67.9059764866991,137,1.62960169624766,"2000-01-02","2022-12-31",2.44668371386729,22.9565217391304,159,32.0789274734927,"15564879",0,0,"C",162.4592292,85.81838353,189.3058624,67.25199175,-149.929668,5.24336402656829,NA,NA,NA,NA,NA,528.750955202931,293.872089328361,234.87886587457,-7.83483643312398,168.130350839324,22.6792930567161,NA,132.469647840057,NA,263,"","Tundra",126652430.3,126.6524303,66.90359723,"non-glacial","Slate"
"29","SNOW",1,0.355039181111372,0.00938057556689897,72.6717406100142,299,0.513494184925956,"2000-01-02","2022-12-31",0.732318404573651,47.6086956521739,200,10.9378440103202,"15243900",125.8217222,32.71761183,"Unfrozen",0,76.22753046,384.5687866,60.33039407,-149.1145798,5.95212267177486,NA,NA,NA,NA,NA,3127.95850008748,845.194716994584,2282.76378309289,-0.516253048141129,1042.1602568921,22.5820052719617,NA,146.166225244647,NA,217,"","Marine West Coast Forest",384568784.6,384.5687846,99.99999997,"glacial","Snow"
"30","STANEY",1,0.168391591015708,0.0109540415069725,54.6516738082827,624,0.764528496507239,"2000-01-02","2022-12-31",1.49319017652037,-89.6521739130435,303,4.92513763868623,"15081497",0,0,"Unfrozen",NA,100,126.7688217,55.74358225,-133.0502105,4.84236512612161,NA,NA,NA,NA,NA,2394.75784278295,2019.22838907039,375.529453712557,7.14320871596951,322.202804562778,21.0987832818211,NA,85.7088860476922,NA,209,"","Marine West Coast Forest",126768824,126.768824,100,"non-glacial","Staney"
"31","STIKINE",1,0.110967104019346,0.00315352771335263,71.2142412398962,289,0.0979474448658199,"2000-01-02","2022-12-31",0.139695508105513,26.9130434782609,176,12.4660769759622,"15024800",5567.302906,10.94994078,"S",25575.65141,50.3029695,50843.22266,57.63542974,-130.0948956,10.8365021115714,NA,NA,NA,NA,NA,1293.31047065698,427.928638246912,865.381832410064,-1.57315607204227,490.131404053671,17.5863148624313,NA,138.693579076176,NA,200,"","Northwestern Forested Mountains",41745172621,41745.17262,82.10567589,"glacial","Stikine"
"32","SUSITNA",1,0.152290812595199,0.00461736861252564,69.9193391049668,176,0.134076277739234,"2001-05-25","2022-10-24",0.21390115316838,3.04761904761905,168,18.0462861212861,"15292000",1066.133211,6.71224814,"D",12539.18567,78.94522446,15883.39941,62.84287707,-147.616364,9.6730297805315,NA,NA,NA,NA,NA,759.079461186987,417.904993066037,341.17446812095,-4.66985268867987,238.540419412199,16.9289811555783,NA,133.231071038134,NA,228,"","Northwestern Forested Mountains",15883399856,15883.39986,99.99999999,"glacial","Susitna"
"33","TAIYA",1,0.318562942100056,0.0101878545621943,68.8524758856779,299,0.363481768419094,"2003-10-01","2022-12-31",0.486052764926807,6.65,219,8.83363864270405,"15056210",266.4795762,57.88579823,"Unfrozen",0,54.65221383,460.3539734,59.62681459,-135.4093803,6.13199570095543,NA,NA,NA,NA,NA,1947.46495585035,619.740933631296,1327.72402221905,-1.19619666321927,452.459074532639,NA,NA,NA,NA,206,"TAIYA R NR SKAGWAY AK","Marine West Coast Forest",457710963.6,457.7109636,99.42587295,"glacial","Taiya"
"34","TAKU",1,0.142348142955037,0.00407969861784984,71.0450530099723,265,0.134108324149783,"2000-01-02","2022-12-31",0.198319076244038,35.304347826087,172,12.4268360724243,"15041200",1266.172526,7.521914692,"S",11412.55891,67.7982603,16833.11523,58.73474357,-132.5140233,9.73110336987774,NA,NA,NA,NA,NA,1204.82246067746,370.346241905701,834.476218771762,-1.33286377222527,432.249454744678,19.1876373574693,NA,133.309443475297,NA,202,"","Northwestern Forested Mountains",13870732971,13870.73297,82.40146422,"glacial","Taku"
"35","TALKEETNA",1,0.191103729971571,0.0054232024799882,71.2425973011344,189,0.18469316216471,"2000-01-02","2022-12-31",0.266747710372001,11.9130434782609,172,19.9466887231761,"15292700",275.719783,5.294951466,"D",4400.861988,84.51461257,5207.220215,62.39438656,-149.059607,8.55780144437539,974.672257412902,520.832047443452,453.84020996945,-4.83195349186043,430.87302258688,986.290152093772,535.334467495396,450.955684598376,-3.61900316771701,345.607333198051,17.4841008284368,19.6103879984107,136.673820423074,145.397209089158,230,"","Northwestern Forested Mountains",4794649441,4794.649441,92.07694787,"glacial","Talkeetna"
"36","TANANA_3",1,0.0947297508157058,0.00264330807598943,71.5799383518707,163,0.082908058269941,"2000-01-02","2022-12-31",0.123322164803078,-64.2608695652174,216,22.4259269715791,"15515500",4130.245126,6.239917947,"D",59953.72956,90.57727609,66190.69531,63.70821285,-144.7934619,11.1002951778168,605.639912566031,351.584914224702,254.054998341329,-4.52830399349209,196.773544879645,608.015994743633,342.948518739127,265.067476004506,-3.79548049510883,195.325792987336,17.8269082985939,19.109694055642,129.138992662615,134.07310234683,260,"","Northwestern Forested Mountains",48513284715,48513.28471,73.29320821,"glacial","Tanana"
"37","TERROR",1,0.177117757801454,0.0065686081777208,65.8902568943181,345,0.618386216316338,"2000-01-02","2022-12-31",0.936551768980492,54.9130434782609,165,6.99804404414379,"15295700",0,0,"Unfrozen",NA,100,106.3136444,57.64211011,-153.0759916,4.66639363458962,NA,NA,NA,NA,NA,1758.11440186357,962.071807400874,796.042594462697,3.11049996918061,654.307176004522,21.9999888971355,NA,118.180488757829,NA,233,"","Marine West Coast Forest",106313644.7,106.3136447,100,"non-glacial","Terror"
"38","WILLOW",1,0.289366292778335,0.0091925240323076,68.9860557221685,168,0.449972202123842,"2001-05-01","2022-12-31",0.643987133028154,55.9090909090909,162,21.4513653013653,"15294005",0,0,"Unfrozen",0,93.496758152,432.2999268,61.81143707,-149.5223069,6.06911962234672,NA,NA,NA,NA,NA,987.131444779907,649.312304989225,337.819139790682,0.57977326544211,227.198795537281,18.6193443439293,NA,118.84050798095,NA,232,"","Northwestern Forested Mountains",369095777.1,369.0957771,85.37955946,"non-glacial","Willow"
"39","WULIK",1,0.475321501714665,0.0148076820368253,69.3769063628781,141,0.841345086472911,"2000-01-02","2022-12-31",1.2352296542918,13.8260869565217,168,27.7995169082126,"15747000",0,0,"C",1824.830299,100,1824.830322,68.09534638,-163.1839603,7.50924228744764,NA,NA,NA,NA,NA,569.070432810809,248.585557459484,320.484875351325,-7.03974172296807,263.018543938307,24.9302435479241,NA,140.770257785083,NA,268,"","Tundra",1824830299,1824.830299,100,"non-glacial","Wulik"
"40","YUKON_1",1,0.0838386835932837,0.00237315098935059,71.2935183111823,122,0.0890868740860584,"2000-01-02","2022-12-31",0.11922814457922,-30.2608695652174,170,34.4329537612146,"15356000",7099.026678,2.456803934,"D",196827.7287,68.11738568,288953.7188,62.3213838,-135.7276193,12.5740218117098,564.394064604442,302.918091973981,261.475972630461,-4.69300854938508,207.359812014443,586.237344020676,301.861170398027,284.376173622649,-3.69521420191496,190.051232521298,14.5860102631116,15.5715241919523,127.12704259047,133.124282193517,241,"","Northwestern Forested Mountains",2.49215e+11,249215.4113,86.247514,"glacial","Yukon (Eagle)"
"41","YUKON_3",1,0.0752553117247824,0.00222977596149831,70.3797074822671,93,0.0762150457674314,"2001-04-01","2022-12-31",0.0905420705946617,-17.9545454545455,168,38.4968253968254,"15565447",13221.26737,1.614075577,"D",545543.9867,66.60096953,819123.1875,64.55539851,-143.864483,13.6159897636124,NA,NA,NA,NA,NA,532.641116444871,300.608197946663,232.032918498208,-4.25106167244282,164.890228637468,11.3587606769843,NA,124.36280829826,NA,266,"","Taiga",3.80644e+11,380644.29,46.46972449,"glacial","Yukon (Pilot Station)"
"42","YUKON_4",1,0.0885718031339636,0.00250588841592793,71.3034045837758,118,0.0887776980042044,"2000-01-02","2022-12-31",0.130083439128865,-28.1739130434783,167,36.8064354727398,"15453500",7079.588288,1.409074063,"D",296225.3156,58.95871229,502428.4063,64.28903206,-138.5352447,13.12720843374,495.992857770955,280.742159591544,215.250698179412,-5.75947958912031,170.554912939549,502.17883125642,274.02863449265,228.15019676377,-4.89585511896593,158.35020018516,12.9566101909578,9.69122939960522,127.253214383022,131.451974588973,244,"","Northwestern Forested Mountains",2.89387e+11,289387.1782,57.597695,"glacial","Yukon (Stevens Village)"
"43","CAMP POND BROOK BELOW CAMP POND",1,0.57719695651228,0.0220088551352127,65.3347735103517,97,1.55092793905914,"2003-01-01","2022-12-31",2.01813579649013,-4.15,161,37.1805357142857,"03NE002",0,0,"S",24.03727594,98.93348784,24.29640007,56.3389399,-62.03952569,3.19032819410442,NA,NA,NA,NA,NA,936.685287952423,425.290586054325,511.394701898098,-2.01825329510708,405.794532597065,NA,NA,NA,NA,1,"CAMP POND BROOK BELOW CAMP POND","Taiga",24296400,24.2964,100,"non-glacial","Camp Pond"
"44","REID BROOK BELOW TRIBUTARY",1,0.473651713082304,0.0170081482887343,66.5355945751588,114,0.934327853876084,"2003-07-15","2022-12-31",1.24861875530787,1.7,167,26.2207341269841,"03NE011",0,0,"S",157.2003759,99.83543447,157.4595032,56.36989315,-62.17286302,5.05916830266434,NA,NA,NA,NA,NA,912.877075940799,413.497015921301,499.380060019498,-2.48537276244262,388.967667822329,NA,NA,NA,NA,2,"REID BROOK BELOW TRIBUTARY","Taiga",157459500,157.4595,100,"non-glacial","Reid Brook  "
"45","TRIBUTARY TO REID BROOK",1,0.623213856465123,0.027652099933099,62.3037611331305,193,2.97835758319074,"2003-07-16","2022-12-31",4.80892576601697,28.3,155,12.8585476818933,"03NE012",0,0,"S",15.4287,100,15.42870045,56.317767,-62.05771001,2.73622944053394,NA,NA,NA,NA,NA,932.454623674092,424.652984267787,507.801639406305,-2.02629014139026,406.375729723981,NA,NA,NA,NA,3,"TRIBUTARY TO REID BROOK","Taiga",15428700,15.4287,100,"non-glacial","Reid Brook Tributary"
"46","UGJOKTOK RIVER BELOW HARP LAKE",1,0.159016255541675,0.00488764783100081,69.6459052299899,113,0.247311138290354,"2000-01-01","2022-12-31",0.349028368192129,-8.39130434782609,171,40.6721532091097,"03NF001",0,0,"S",7492.552449,99.28088083,7546.823242,55.21951818,-62.36483234,8.92888199104862,NA,NA,NA,NA,NA,939.909834200363,445.346359756087,494.563474444275,-3.42471868052797,394.584841069602,NA,NA,NA,NA,4,"UGJOKTOK RIVER BELOW HARP LAKE","Taiga",7546823100,7546.8231,100,"non-glacial","Ugjoktok"
"47","WINISK RIVER BELOW ASHEWEIG RIVER TRIBUTARY",1,0.0727819367486016,0.00268671571018127,65.9829656147305,71,0.151622064046287,"2000-01-01","2022-12-31",0.161146601828024,10.0434782608696,168,79.8238095238095,"04DC001",0,0,"S",22670.92356,45.2729597,50076.08203,53.18918502,-88.62709273,10.8212987684883,NA,NA,NA,NA,NA,730.97638727086,503.029911162615,227.946476108244,-0.793153520802442,130.709529621197,22.709298664228,NA,108.021649148911,NA,6,"WINISK RIVER BELOW ASHEWEIG RIVER TRIBUTARY","Northern Forests",38643046110,38643.04611,77.16867221,"non-glacial","Winisk"
"48","SHAMATTAWA RIVER AT OUTLET OF SHAMATTAWA LAKE",1,0.239265037034548,0.00854347109245535,66.6480900549673,100,0.416564887749439,"2000-01-01","2022-12-31",0.580352635688755,7.47826086956522,158,48.6601449275362,"04DC002",0,0,"S",2537.522756,53.93242733,4705.003906,53.94060652,-86.01211237,8.45638188219979,NA,NA,NA,NA,NA,701.139134499712,478.865575174343,222.273559325368,-1.96691580206362,131.825913650243,24.8019390206223,NA,111.002371806221,NA,7,"SHAMATTAWA RIVER AT OUTLET OF SHAMATTAWA LAKE","Northern Forests",4705003800,4705.0038,100,"non-glacial","Shamattawa"
"49","GRASS RIVER ABOVE STANDING STONE FALLS",1,0.0586014091315026,0.00302799241404961,59.2571782520418,18,0.221117754170986,"2005-01-01","2022-12-31",0.102366194297269,-82.8333333333333,276,162.535714285714,"05TD001",0,0,"S",11630.20714,75.51635538,15400.91113,55.01604574,-99.21918227,9.6421819509373,NA,NA,NA,NA,NA,614.372088055078,432.241199046461,182.130889008618,-0.624175139511227,98.3809269101769,18.1034078813816,NA,106.686980343201,NA,8,"GRASS RIVER ABOVE STANDING STONE FALLS","Northern Forests",15400911600,15400.9116,100,"non-glacial","Grass"
"50","BURNTWOOD RIVER ABOVE LEAF RAPIDS",1,0.148727303996908,0.0059157147500417,64.4900425523958,68,0.35565727949268,"2000-01-01","2022-12-31",0.396036926194922,6.91304347826087,158,92.7927489177489,"05TE002",0,0,"S",5827.3713,100,5827.371094,55.2824342,-100.2206022,8.67032125037353,NA,NA,NA,NA,NA,596.580858015077,415.658241702497,180.92261631258,-0.829287936754368,100.147214664777,24.718601793943,NA,105.839983291476,NA,9,"BURNTWOOD RIVER ABOVE LEAF RAPIDS","Northern Forests",5827371300,5827.3713,100,"non-glacial","Burntwood"
"51","ODEI RIVER NEAR THOMPSON",1,0.167355448566687,0.00629262984415686,65.6148180495354,77,0.383558359513713,"2000-01-01","2022-12-31",0.43771073550459,14.6086956521739,155,58.4713250517598,"05TG003",0,0,"S",6094.8873,100,6094.887207,56.16711131,-97.95243006,8.71520553591969,NA,NA,NA,NA,NA,594.892646321328,405.462754515218,189.429891806109,-2.32203338948591,94.9707131303967,24.7415404937996,NA,108.601572921117,NA,10,"ODEI RIVER NEAR THOMPSON","Northern Forests",6094887300,6094.8873,100,"non-glacial","Odei"
"52","SAPOCHI RIVER NEAR NELSON HOUSE",1,0.344936220280303,0.0164841176824768,60.8192435708603,86,1.29623856022312,"2000-01-01","2022-12-31",1.61224789975978,39.304347826087,147,52.6065217391304,"05TG006",0,0,"S",425.9502,100,425.9501953,55.82054549,-98.47456503,6.05432242699326,NA,NA,NA,NA,NA,600.548618761655,413.217096887625,187.33152187403,-1.78999320661329,90.4244055159871,25.2395205274969,NA,105.521724343265,NA,11,"SAPOCHI RIVER NEAR NELSON HOUSE","Northern Forests",425950200,425.9502,100,"non-glacial","Sapochi"
"53","KETTLE RIVER NEAR GILLAM",1,0.292072219663902,0.0109464542855588,65.6797101003415,84,0.605123820371544,"2000-01-01","2022-12-31",0.702926455069996,27.9130434782609,158,60.51966873706,"05UF004",0,0,"S",1962.40018,100,1962.400146,56.16346686,-95.19878202,7.58192356734297,NA,NA,NA,NA,NA,586.086874446617,397.703685535577,188.38318891104,-2.70471615066923,69.8546203678507,25.2685853142546,NA,109.716658751263,NA,12,"KETTLE RIVER NEAR GILLAM","Northern Forests",1962400180,1962.40018,100,"non-glacial","Kettle"
"54","ANGLING RIVER NEAR BIRD",1,0.292930136597847,0.0118589666445058,64.1369975726898,99,0.709051657488668,"2000-01-01","2022-12-31",0.916216651843491,30.3478260869565,153,42.5587646652864,"05UH001",0,0,"S",786.8920387,50.91072429,1545.631226,56.32206165,-94.08723884,7.34318766641152,NA,NA,NA,NA,NA,582.539012104267,390.337593949855,192.201418154412,-2.90909334566224,71.2895485244995,25.2263562958905,NA,109.85526085048,NA,13,"ANGLING RIVER NEAR BIRD","Northern Forests",854792096.3,854.7920963,55.30375528,"non-glacial","Angling"
"55","WEIR RIVER ABOVE THE MOUTH",1,0.311310827237757,0.0107866914241589,67.2495751769599,103,0.610708009123329,"2000-01-01","2022-12-31",0.851400582487502,0.260869565217391,160,41.4535541752933,"05UH002",0,0,"D",2194.8903,100,2194.890381,56.90090464,-94.35398956,7.69388738394331,NA,NA,NA,NA,NA,561.089489411989,369.609654135196,191.479835276793,-3.98157492313707,77.4520056502029,25.1941707531535,NA,114.435299390028,NA,16,"WEIR RIVER ABOVE THE MOUTH","Taiga",1145444086,1145.444086,52.18684899,"non-glacial","Weir"
"56","DILLON RIVER BELOW DILLON LAKE",1,0.276723535088502,0.00917486916059429,68.1310161219946,111,0.340755997838104,"2000-01-01","2022-12-31",0.469629113825548,10.8695652173913,164,42.8066146413973,"06BA002",0,0,"Unfrozen",NA,100,2337.435791,55.66657711,-109.8032376,7.75680979169465,NA,NA,NA,NA,NA,567.636881372805,414.360967187813,153.275914184991,1.23941220228326,100.041653525555,24.823028407722,NA,99.8397456565471,NA,17,"DILLON RIVER BELOW DILLON LAKE","Northern Forests",2337435900,2337.4359,100,"non-glacial","Dillon"
"57","CANOE RIVER NEAR BEAUVAL",1,0.100925265195443,0.00522873029048132,59.204236401368,63,0.238098170737022,"2000-01-01","2022-12-31",0.295122019180497,15.9565217391304,138,96.6094202898551,"06BB005",0,0,"Unfrozen",NA,100,4642.757813,55.08212699,-108.3639543,8.44306382491058,NA,NA,NA,NA,NA,562.559462345778,413.685917431045,148.873544914733,1.63961046198775,95.0991974190307,25.1634468711511,NA,98.8742388447527,NA,18,"CANOE RIVER NEAR BEAUVAL","Northern Forests",4642758000,4642.758,100,"non-glacial","Canoe"
"58","HAULTAIN RIVER ABOVE NORBERT RIVER",1,0.110869341117537,0.00432413618156401,64.882800145974,74,0.211768760606105,"2000-01-01","2022-12-31",0.268222530217535,26.6086956521739,156,71.7816425120773,"06BD001",0,0,"S",3666.159,100,3666.158936,56.64014171,-106.3233172,8.20689978152427,NA,NA,NA,NA,NA,555.544313429513,385.943586028405,169.600727401108,-0.894706081341925,102.87724302053,24.3885455629798,NA,107.247285451212,NA,19,"HAULTAIN RIVER ABOVE NORBERT RIVER","Northern Forests",3666159000,3666.159,100,"non-glacial","Haultain"
"59","CHURCHILL RIVER ABOVE OTTER RAPIDS",1,0.0407306085877141,0.00145619830582256,66.6230144799163,25,0.0678991639486794,"2000-01-01","2022-12-31",0.0490033761504552,-41.4347826086956,217,184.0625,"06CD002",0,0,"Unfrozen",0,58.97595334,118471.5703,55.28088174,-108.169118,11.6824282976934,527.385813512836,377.180477212673,150.205336300163,0.438510521652184,97.9002887476479,549.464714318093,358.589721466121,190.874992851972,1.01869015815317,101.172252655051,21.9074978912764,23.7942544679658,103.061807487137,101.638826890717,20,"CHURCHILL RIVER ABOVE OTTER RAPIDS","Northern Forests",1.18472e+11,118471.5738,100,"non-glacial","Churchill"
"60","GEIKIE RIVER BELOW WHEELER RIVER",1,0.0624210574722695,0.00254270964959755,64.01344748694,76,0.118403353251485,"2000-01-01","2022-12-31",0.136730551188456,7,152,60.7429606625259,"06DA004",0,0,"S",7753.537799,99.99999999,7753.537598,57.31481774,-105.223288,8.95590448245734,553.833890484206,362.444738689743,191.389151794463,-2.59203546125514,143.362307370077,545.827025672426,321.231331909432,224.595693762994,-1.8990867224471,111.656414507461,23.5598032038379,25.6521974803116,111.942264688019,114.492402877045,21,"GEIKIE RIVER BELOW WHEELER RIVER","Northern Forests",7753537799,7753.537799,99.99999999,"non-glacial","Geikie"
"61","WHEELER RIVER BELOW RUSSELL LAKE",1,0.0407794224251449,0.00221239810013431,58.2820112290795,91,0.103038621256874,"2000-01-01","2022-12-31",0.111049897821,25.2173913043478,156,71.3537091696183,"06DA005",0,0,"S",2747.0889,100,2747.088867,57.37613698,-105.548966,7.91829703613626,NA,NA,NA,NA,NA,544.045324402571,361.356193010292,182.689131392279,-1.9032729547244,108.710731867906,23.7845166364478,NA,111.867536223208,NA,22,"WHEELER RIVER BELOW RUSSELL LAKE","Northern Forests",2747088900,2747.0889,100,"non-glacial","Wheeler"
"62","WATHAMAN RIVER BELOW WATHAMAN LAKE",1,0.0793753775432502,0.00323224750460876,64.0202099305773,36,0.217156558381223,"2000-01-01","2022-12-31",0.134238107130331,-0.91304347826087,172,119.621929824561,"06DC001",0,0,"S",10239.7608,100,10239.76074,56.84986376,-104.3048856,9.23403353308615,NA,NA,NA,NA,NA,556.827267687924,376.491442291745,180.335825396179,-1.52981197947678,113.80763341689,23.8139178091567,NA,111.056607521178,NA,23,"WATHAMAN RIVER BELOW WATHAMAN LAKE","Northern Forests",10239760800,10239.7608,100,"non-glacial","Wathaman"
"63","LITTLE BEAVER RIVER NEAR THE MOUTH",1,0.261304677320819,0.00877461369513277,67.8764865504933,105,0.425670417925278,"2000-01-01","2022-12-31",0.625493183275218,4.56521739130435,161,45.7404416839199,"06FB002",0,0,"D",4270.7916,100,4270.791504,57.58106646,-96.3690857,8.35955445297932,NA,NA,NA,NA,NA,560.15690276731,365.312955865988,194.843946901322,-4.631442870309,106.123193719714,24.5490255556894,NA,119.593602130456,NA,24,"LITTLE BEAVER RIVER NEAR THE MOUTH","Taiga",4270791600,4270.7916,100,"non-glacial","Little Beaver"
"64","LITTLE CHURCHILL RIVER ABOVE RECLUSE LAKE",1,0.11045228798715,0.00454696802573968,63.8024600383851,64,0.338984827186787,"2000-01-01","2022-12-31",0.357285688662118,9.60869565217391,165,84.4218426501035,"06FC001",0,0,"S",6071.697345,98.87552382,6140.748535,56.7155909,-96.6523453,8.7227019249484,NA,NA,NA,NA,NA,579.670929562124,390.772470578603,188.898458983522,-3.38221100918664,97.1975256275537,24.5371699180227,NA,113.626401383596,NA,25,"LITTLE CHURCHILL RIVER ABOVE RECLUSE LAKE","Northern Forests",3796584364,3796.584364,61.82608361,"non-glacial","Little Churchill"
"65","SEAL RIVER BELOW GREAT ISLAND",1,0.0835624763138426,0.00246139583462675,70.4973193986228,59,0.140662400111454,"2000-01-01","2022-12-31",0.137571208357685,-14.3913043478261,188,70.3677489177489,"06GD001",0,0,"D",37336.59333,77.58596633,48122.87109,58.69650624,-99.13406278,10.7815128335207,534.200965385233,317.919114322773,216.28185106246,-6.27120061217218,183.638942257731,571.64845426561,301.596677462944,270.051776802667,-5.33234226753947,127.614059948179,22.4242143453252,24.6145192680691,127.122857722344,130.379198178446,28,"SEAL RIVER BELOW GREAT ISLAND","Taiga",47049401632,47049.40163,97.76931866,"non-glacial","Seal"
"66","KAZAN RIVER ABOVE KAZAN FALLS",1,0.104853277773995,0.00328884706893228,69.240499000565,53,0.127434377402204,"2000-01-01","2021-11-10",0.124200746051935,-24,202,80.9580952380952,"06LC001",0,0,"C",50532.38555,73.47938719,68770.82813,61.98588634,-100.1823208,11.1385349242655,441.369359326442,233.801961436448,207.567397889993,-9.50224329018445,177.21947310625,455.001074408299,249.039515457198,205.961558951102,-8.4501238460996,176.990412955171,20.4749784293064,21.9272564628149,146.290459080156,141.050870037562,29,"KAZAN RIVER ABOVE KAZAN FALLS","Taiga",49351262544,49351.26254,71.76191049,"non-glacial","Kazan"
"67","BROWN RIVER AT THE OUTLET OF BROWN LAKE",1,0.324408290905439,0.0107993733011882,68.0502954959515,69,0.499390849285613,"2004-08-22","2022-12-31",0.580376541732052,-22.2631578947368,201,44.5805555555556,"06OA007",0,0,"C",4562.314475,97.16308822,4695.522461,66.08001451,-91.75399942,8.45436466574936,NA,NA,NA,NA,NA,403.230279213771,191.563058292373,211.667220921398,-12.8181873687724,170.118098446944,18.3421067663417,NA,161.964247340251,NA,31,"BROWN RIVER AT THE OUTLET OF BROWN LAKE","Tundra",4695522300,4695.5223,100,"non-glacial","Brown"
"68","WEST PRAIRIE RIVER NEAR HIGH PRAIRIE",1,0.611599956635378,0.0231463236920176,65.4848487806058,174,1.88210914699707,"2000-01-01","2022-12-31",2.97845990452511,30.8695652173913,136,21.3238455988456,"07BF002",0,0,"Unfrozen",NA,100,1157.005859,55.05903167,-116.4691895,7.05359079113937,NA,NA,NA,NA,NA,623.266394374761,448.710141067452,174.55625330731,2.71907594851004,147.086386850247,24.6529389588923,NA,105.017669201439,NA,32,"WEST PRAIRIE RIVER NEAR HIGH PRAIRIE","Northern Forests",1157005800,1157.0058,100,"non-glacial","West Prairie"
"69","SOUTH HEART RIVER NEAR BIG PRAIRIE SETTLEMENT",1,0.388743986264172,0.0154548794993489,64.4999243054964,107,0.692134892745387,"2005-01-01","2022-12-31",1.02363561881762,20.2222222222222,136,34.0681958473625,"07BF905",0,0,"Unfrozen",NA,100,5986.922363,55.45754323,-116.3437912,8.69733276324481,NA,NA,NA,NA,NA,565.232341037829,399.787815323863,165.444525713966,2.45251602777869,147.33671224544,18.3174274359695,NA,106.089014542007,NA,33,"SOUTH HEART RIVER NEAR BIG PRAIRIE SETTLEMENT","Northern Forests",5986922400,5986.9224,100,"non-glacial","South Heart"
"70","LESSER SLAVE RIVER AT SLAVE LAKE",1,0.0717551032859386,0.00342900146626306,60.8197975391906,66,0.129353398429536,"2000-01-01","2022-12-31",0.126401032751091,-31.0434782608696,195,99.3536742424242,"07BK001",0,0,"Unfrozen",NA,100,13546.75098,55.37092164,-115.8837237,9.51390201748221,NA,NA,NA,NA,NA,595.836405514035,428.401475176124,167.434930337912,2.42372089345008,131.611070411725,23.8025569143984,NA,105.349276892653,NA,34,"LESSER SLAVE RIVER AT SLAVE LAKE","Northern Forests",13546750501,13546.7505,100,"non-glacial","Lesser Slave"
"71","DRIFTWOOD RIVER NEAR THE MOUTH",1,0.454432899024317,0.0166646718966925,66.1151848481864,104,1.216496719993,"2000-01-01","2022-12-31",1.47385491164672,3.8695652173913,149,42.9368530020704,"07BK007",0,0,"Unfrozen",NA,100,2103.577148,55.44536295,-113.9543224,7.65139457837419,579.388739861483,437.595148426745,141.793591434739,1.34054073095043,91.3552235780551,538.889394504062,392.470425235202,146.41896926886,1.81154996494982,136.036145224882,24.5497492760841,27.3828884149291,104.179979090776,98.4404561136802,35,"DRIFTWOOD RIVER NEAR THE MOUTH","Northern Forests",2103577201,2103.577201,100,"non-glacial","Driftwood 2"
"72","CLEARWATER RIVER AT DRAPER",1,0.0707669927437931,0.00253171553284636,66.6099107727106,96,0.139471836348634,"2000-01-01","2022-12-31",0.175972990935102,11.2608695652174,149,48.6416666666667,"07CD001",0,0,"Unfrozen",0,38.31764104,30796.02734,56.61966903,-109.8368544,10.3351409781752,529.400296272893,374.144104398275,155.256191874618,-0.300310943610421,106.474169575366,532.830480107124,343.010042348929,189.820437758195,0.353231181571562,113.449760214123,22.5575430821699,24.6377502714624,103.488130797718,101.388715736033,36,"CLEARWATER RIVER AT DRAPER","Northern Forests",30796027200,30796.0272,100,"non-glacial","Clearwater"
"73","ATHABASCA RIVER BELOW FORT MCMURRAY",1,0.0930704352991654,0.0027579132922119,70.3776447014487,137,0.115323950178674,"2000-01-01","2022-12-31",0.165177041014277,-23,174,35.0647130647131,"07DA001",511.5970932,0.43692096,"Unfrozen",0,80.60915916,117091.4531,54.77209793,-114.5392311,11.6707105588776,624.006624876044,424.712145563291,199.294479312753,1.21068435711097,151.02882121678,605.766573708306,364.735147285862,241.031426422444,1.63895636283644,194.301095266509,19.4250068258636,21.7651945842629,118.351794648992,115.794026307638,37,"ATHABASCA RIVER BELOW FORT MCMURRAY","Northern Forests",1.04515e+11,104514.7387,89.25906852,"non-glacial","Athabasca"
"74","INGENIKA RIVER ABOVE SWANNELL RIVER",1,0.18765805627678,0.00542764822283929,70.8623105025656,132,0.198577670505668,"2000-01-01","2022-12-31",0.301746181871859,1,170,36.5614404918753,"07EA004",0,0,"S",4054.96624,97.88612111,4142.53418,56.89616357,-125.9563768,8.3290630003228,NA,NA,NA,NA,NA,819.319322728974,377.176349069789,442.142973659185,-2.16736254981236,376.684419782484,19.4792884802579,NA,141.387269013339,NA,39,"INGENIKA RIVER ABOVE SWANNELL RIVER","Northwestern Forested Mountains",4142534400,4142.5344,100,"non-glacial","Ingenika"
"75","FINLAY RIVER ABOVE AKIE RIVER",1,0.144584104696079,0.00410635691765731,71.2265027391004,137,0.115613927534321,"2000-01-01","2022-12-31",0.177418437620096,-0.782608695652174,172,32.7433574879227,"07EA005",127.9335512,0.817525638,"S",12763.29838,81.56049408,15648.87305,57.41727858,-126.221848,9.65815418379082,NA,NA,NA,NA,NA,822.980075403564,387.911896584945,435.068178818619,-2.52787959799578,316.176758556951,18.5801699608149,NA,139.56966358837,NA,40,"FINLAY RIVER ABOVE AKIE RIVER","Northwestern Forested Mountains",15648873300,15648.8733,100,"non-glacial","Finlay"
"76","OMINECA RIVER ABOVE OSILINKA RIVER",1,0.182262779239483,0.00545406206292761,70.181776480288,108,0.216307267078048,"2000-01-01","2022-12-31",0.300658437161856,36.5217391304348,162,42.1199102829538,"07EC002",3.02312849,0.056378984,"S",5359.730387,99.95478286,5362.154785,55.87368999,-125.5212704,8.58712118540649,900.995260896788,424.002691020774,476.992569876015,-1.4882985247384,395.333838817256,898.743706749847,427.471644895209,471.272061854638,-0.00692902422245598,227.876486201301,20.8640612611257,17.5337843012598,127.4894779979,136.189312046816,42,"OMINECA RIVER ABOVE OSILINKA RIVER","Northwestern Forested Mountains",5362155000,5362.155,100,"non-glacial","Omineca"
"77","MESILINKA RIVER ABOVE GOPHERHOLE CREEK",1,0.210838673790076,0.00610542726762588,70.8383034044307,120,0.202540300054371,"2000-01-01","2022-12-31",0.310053633156558,19.4347826086957,169,35.700983436853,"07EC003",0,0,"S",2938.371457,98.51982511,2982.517822,56.37426695,-125.4681609,8.00052312947811,NA,NA,NA,NA,NA,815.791897705268,385.257165718586,430.534731986682,-1.15960166255897,240.967224710215,20.4637002031513,NA,134.120338946393,NA,43,"MESILINKA RIVER ABOVE GOPHERHOLE CREEK","Northwestern Forested Mountains",2982517938,2982.517938,100,"non-glacial","Mesilinka"
"78","OSILINKA RIVER NEAR END LAKE",1,0.225964883956405,0.00664246156201214,70.5379398903074,128,0.251825284005934,"2000-01-01","2022-12-31",0.364441001489155,26.9130434782609,165,35.7508908965431,"07EC004",0,0,"S",1941.938011,99.99999999,1941.937988,56.09616603,-125.3290707,7.5714417163126,NA,NA,NA,NA,NA,823.520692064963,394.786761506367,428.733930558596,-0.644717893354558,191.964334916919,21.0690643026946,NA,125.233319019177,NA,44,"OSILINKA RIVER NEAR END LAKE","Northwestern Forested Mountains",1941938011,1941.938011,99.99999999,"non-glacial","Osilinka"
"79","NATION RIVER NEAR THE MOUTH",1,0.158230514519577,0.00488782559744423,69.5461076189924,82,0.177470200805761,"2000-01-01","2022-12-31",0.23165380297477,23.8695652173913,156,70.2260869565217,"07ED003",0,0,"S",4351.231667,64.16747818,6781.054688,55.28325975,-124.5698203,8.82188792753851,NA,NA,NA,NA,NA,780.542608435602,407.181828405333,373.360780030269,1.42006739197604,184.969229504225,22.1128036899665,NA,114.200623497864,NA,45,"NATION RIVER NEAR THE MOUTH","Northwestern Forested Mountains",6781054500,6781.0545,100,"non-glacial","Nation"
"80","CARBON CREEK NEAR THE MOUTH",1,0.363994201869034,0.0115176848735366,69.0650853869216,113,0.628749428218967,"2000-01-01","2022-12-31",0.872990293416515,30.2173913043478,160,31.3201910408432,"07EF004",0,0,"S",736.2989999,99.99999998,736.2990112,55.82200873,-122.7191731,6.6016363014429,NA,NA,NA,NA,NA,863.696550191876,424.806235665609,438.890314526268,-0.121336716115264,197.7610703076,22.2205904875927,NA,122.226093094497,NA,46,"CARBON CREEK NEAR THE MOUTH","Northwestern Forested Mountains",736298999.9,736.2989999,99.99999998,"non-glacial","Carbon"
"81","GRAHAM RIVER ABOVE COLT CREEK",1,0.237910513760416,0.00710771665159196,70.2142712835495,139,0.285385266091711,"2000-01-01","2022-12-31",0.429580731508262,9.43478260869565,168,33.368115942029,"07FA005",0,0,"S",1791.769534,83.78497628,2138.533203,56.51818096,-123.1510631,7.66787545384992,NA,NA,NA,NA,NA,750.995562062044,397.28820765384,353.707354408205,-1.17625867637575,251.181716762046,22.1153220704687,NA,134.205795036304,NA,48,"GRAHAM RIVER ABOVE COLT CREEK","Northwestern Forested Mountains",2082654648,2082.654648,97.38706173,"non-glacial","Graham"
"82","HALFWAY RIVER NEAR FARRELL CREEK",1,0.196406148222506,0.00590829274893398,70.0765557061781,131,0.293890987731403,"2000-01-01","2022-12-31",0.444425779806182,3.34782608695652,164,32.5359213250518,"07FA006",0.699099053,0.007527203,"S",4128.476332,44.45132599,9287.633789,56.68194438,-122.723784,9.13643909419817,NA,NA,NA,NA,NA,655.487420605133,382.894437926214,272.592982678918,-0.256508554504484,163.18574505717,23.1463360375226,NA,124.704355285552,NA,50,"HALFWAY RIVER NEAR FARRELL CREEK","Northwestern Forested Mountains",4862402403,4862.402403,52.35351178,"non-glacial","Halfway"
"83","PINE RIVER AT EAST PINE",1,0.146031068919372,0.00459660465002656,69.1700297699166,154,0.225760078681708,"2000-01-01","2022-12-31",0.33616932274996,49.1739130434783,158,28.3669225701834,"07FB001",10.77050642,0.088746545,"S",11185.64251,92.16717308,12136.25391,55.24084707,-121.5441927,9.4039524428596,854.106510434026,413.190678060687,440.915832373339,0.107094065932546,357.792353920345,874.971984150041,372.654328751602,502.317655398439,0.686584408812832,216.150616193797,21.7914480508578,24.643003403607,118.474394029871,129.022142712732,53,"PINE RIVER AT EAST PINE","Northwestern Forested Mountains",9876377334,9876.377334,81.37912316,"non-glacial","Pine"
"84","MURRAY RIVER NEAR THE MOUTH",1,0.164600241663601,0.00508323425123112,69.5514406758952,155,0.236303570105268,"2000-01-01","2022-12-31",0.368265597001506,39.7826086956522,160,28.7375901875902,"07FB002",10.77050642,0.194109944,"S",5251.661719,94.6473378,5548.663086,55.00831186,-121.1342526,8.62131229231753,NA,NA,NA,NA,NA,904.869497505204,456.045564677067,448.823932828138,0.55643194364959,210.263008482395,21.8939669203348,NA,119.880778601873,NA,55,"MURRAY RIVER NEAR THE MOUTH","Northwestern Forested Mountains",4685604823,4685.604823,84.44565667,"non-glacial","Murray"
"85","SUKUNKA RIVER NEAR THE MOUTH",1,0.209979253030367,0.00666124226870887,69.0140547350385,164,0.377450639168746,"2000-01-01","2022-12-31",0.567303654151882,57.5652173913044,156,22.5029252148817,"07FB003",0,0,"S",2587.766399,99.99999998,2587.766357,55.21438793,-121.8674152,7.85855037217906,NA,NA,NA,NA,NA,946.369170368563,457.598716834254,488.770453534309,0.341356656789009,224.79467277892,21.970158805725,NA,120.421227316427,NA,56,"SUKUNKA RIVER NEAR THE MOUTH","Northwestern Forested Mountains",2587766399,2587.766399,99.99999998,"non-glacial","Sukunka"
"86","DICKEBUSCH CREEK NEAR THE MOUTH",1,0.68907241608394,0.0297183117289292,62.8716591263012,128,4.75792968527858,"2000-01-01","2022-12-31",5.24959645979204,28.7826086956522,148,23.1901515151515,"07FB004",0,0,"S",85.31099998,99.99999998,85.31099701,55.49781994,-121.4759522,4.44630336775889,NA,NA,NA,NA,NA,687.679417440329,401.679344321737,286.000073118591,1.62697307175724,148.145844194713,25.5276896293649,NA,106.204510820898,NA,57,"DICKEBUSCH CREEK NEAR THE MOUTH","Northwestern Forested Mountains",85310999.98,85.31099998,99.99999998,"non-glacial","Dickebusch"
"87","MOBERLY RIVER NEAR FORT ST. JOHN",1,0.416664710756719,0.0118731692984648,71.1600134747399,89,0.548070979283585,"2000-01-01","2022-12-31",0.62914803898394,-6.30434782608696,164,49.6644927536232,"07FB008",0,0,"S",1290.195471,85.10243534,1516.050049,55.81481947,-121.9794466,7.32386357950961,NA,NA,NA,NA,NA,700.926209802222,394.052762729646,306.873447072576,1.46440002164641,149.953050190608,24.0566871691441,NA,110.495892246804,NA,59,"MOBERLY RIVER NEAR FORT ST. JOHN","Northwestern Forested Mountains",793547458.4,793.5474584,52.3430928,"non-glacial","Moberly"
"88","KISKATINAW RIVER NEAR FARMINGTON",1,0.401595991441495,0.0155676272577576,65.0050600909466,111,1.27316711089303,"2000-01-01","2022-12-31",1.56758760287144,23.9565217391304,139,37.7356625258799,"07FD001",0,0,"Unfrozen",0,81.86305361,3606.351318,55.42096942,-120.5611663,8.1904518249744,628.210598721105,392.448610908302,235.761987812803,1.83298257410366,162.412140930909,619.6294818857,340.369253823792,279.260228061908,2.30455806458218,146.491406051577,24.6940992421326,27.439354778847,105.930271954472,103.1678763523,60,"KISKATINAW RIVER NEAR FARMINGTON","Northern Forests",3599055773,3599.055773,99.79770336,"non-glacial","Kiskatinaw"
"89","ALCES RIVER AT 22ND BASE LINE",1,1.03357174978655,0.0404453708507866,64.816472102049,83,4.07476129349487,"2000-01-01","2016-12-01",4.86671949119901,-2.1875,145,30.2884672619048,"07FD004",0,0,"Unfrozen",NA,100,309.1401062,56.47021849,-120.1549841,5.73379459225779,NA,NA,NA,NA,NA,475.571089593815,310.262658999465,165.30843059435,1.72416197684833,116.896550466176,20.5656443984539,NA,103.351618944126,NA,62,"ALCES RIVER AT 22ND BASE LINE","Northern Forests",309140100,309.1401,100,"non-glacial","Alces"
"90","HEART RIVER NEAR NAMPA",1,0.537922084273318,0.0252366463706555,61.1883313136639,108,2.77827372765628,"2000-01-01","2022-12-31",3.23055211286722,4.91304347826087,127,35.3833333333333,"07HA003",0,0,"Unfrozen",NA,100,1957.363159,56.04757834,-116.7438,7.57935351941887,NA,NA,NA,NA,NA,500.851970922891,360.086703946994,140.765266975897,2.03040616836465,126.282835404847,25.1925372617961,NA,102.493238685212,NA,64,"HEART RIVER NEAR NAMPA","Northern Forests",1957363200,1957.3632,100,"non-glacial","Heart"
"91","NOTIKEWIN RIVER AT MANNING",1,0.543635952715295,0.0182439475209341,67.8889287187357,132,1.09606937371882,"2000-01-01","2022-12-31",1.57714991348984,11.4782608695652,147,27.1772601794341,"07HC001",0,0,"Unfrozen",NA,100,4675.073242,56.92085306,-118.6803332,8.45000010833803,540.958435610296,369.769703792924,171.188731817371,0.595144534978838,118.364769001603,513.075715049163,305.305593238078,207.770121811085,0.987528199237612,135.617014204382,23.6874872968045,26.6919928069572,105.243492126957,101.208600489152,65,"NOTIKEWIN RIVER AT MANNING","Northern Forests",4675073400,4675.0734,100,"non-glacial","Notikewin"
"92","WABASCA RIVER AT HIGHWAY NO. 88",1,0.173849596456815,0.00661431127960611,65.3790972007957,78,0.317435663330338,"2000-01-01","2022-12-31",0.402054575230806,2.08695652173913,146,66.3651515151515,"07JD002",0,0,"Unfrozen",NA,100,35903.48047,56.58199268,-114.6483371,10.4885895188022,542.177153409479,394.958531990756,147.218621418723,0.882465288467839,106.259123755433,508.61894756217,326.202818869095,182.416128693075,1.31836592518051,135.012428174606,22.8931539167578,24.6332728005283,102.483075806047,98.0642414335647,66,"WABASCA RIVER AT HIGHWAY NO. 88","Northern Forests",35903481298,35903.4813,99.99999999,"non-glacial","Wabasca"
"93","PEACE RIVER AT PEACE POINT (ALBERTA)",1,0.0296108347466884,0.00112333168520978,65.4368268914174,192,0.0714005648964935,"2000-01-01","2022-12-31",0.107361039822963,2.60869565217391,161,22.1724048897962,"07KC001",324.5542825,0.108345756,"Unfrozen",0,55.83909138,299554.2188,56.43121236,-119.5336214,12.6100507112053,633.367974478644,372.570556489568,260.797417989076,0.124586952367227,211.767193380205,625.925680034091,324.242156323962,301.683523710129,0.743850338560721,187.262617739409,17.0481964268229,19.3631217775065,120.602413859256,124.951781537811,67,"PEACE RIVER AT PEACE POINT (ALBERTA)","Northern Forests",1.81264e+11,181264.0358,60.51126155,"non-glacial","Peace"
"94","WATERFOUND RIVER BELOW THERIAU LAKE",1,0.0252504487635017,0.00168332447803493,54.1614646868674,40,0.0926907263281885,"2000-01-01","2022-12-31",0.0671518932676477,-15.5217391304348,196,154.087719298246,"07LB002",0,0,"S",3176.8155,100,3176.81543,58.02008317,-104.7083319,8.06363453689414,NA,NA,NA,NA,NA,548.305300746918,357.753370381785,190.551930365133,-2.6556378666293,117.446229712978,23.4443684170157,NA,115.502890268422,NA,70,"WATERFOUND RIVER BELOW THERIAU LAKE","Northern Forests",3176815500,3176.8155,100,"non-glacial","Waterfound"
"95","FOND DU LAC RIVER AT OUTLET OF BLACK LAKE",1,0.0321838539534411,0.00126450699012476,64.7356516337406,25,0.0700533652457039,"2000-04-06","2022-12-31",0.0475600440026505,-15.8260869565217,183,175.645833333333,"07LE002",0,0,"S",37404.09443,71.819799,52080.47656,58.68569463,-105.1773296,10.8605454273782,NA,NA,NA,NA,NA,510.297392673034,333.531667335319,176.765725337715,-2.95925978984676,107.785765292145,21.2955459657978,NA,115.456506655927,NA,71,"FOND DU LAC RIVER AT OUTLET OF BLACK LAKE","Northern Forests",33907105241,33907.10524,65.10521161,"non-glacial","Fond du Lac"
"96","DOUGLAS RIVER NEAR CLUFF LAKE",1,0.0808583437852386,0.00404031533188675,59.927520802617,92,0.300433936892268,"2000-01-01","2022-12-31",0.330024206704584,18.8260869565217,142,65.2769151138716,"07MA003",0,0,"S",1732.3731,100,1732.373047,58.25912866,-109.414479,7.45724745103426,500.531263356565,338.288444953106,162.242818403459,-0.987649416930054,117.684546064273,520.480632191765,352.976518504771,167.504113686994,-0.483874108644753,115.776240787017,24.5675441877796,19.5735899080877,104.37890531236,104.544361392216,73,"DOUGLAS RIVER NEAR CLUFF LAKE","Northern Forests",1732373100,1732.3731,100,"non-glacial","Douglas"
"97","MACFARLANE RIVER AT OUTLET OF DAVY LAKE",1,0.0318364918345779,0.00157999702415226,60.0638042048364,51,0.0966184410628158,"2000-01-01","2022-12-31",0.0916833828638087,19.7826086956522,151,101.08373015873,"07MB001",0,0,"S",9144.711,100,9144.710938,58.31171051,-107.8743166,9.12093095157745,524.110915115497,346.08732443954,178.023590675957,-2.1474690212811,127.180490239761,517.255619823457,305.323004250218,211.932615573239,-1.48634038558451,117.153877406317,23.1842596843631,24.9781361414022,107.529886992223,109.316834439821,74,"MACFARLANE RIVER AT OUTLET OF DAVY LAKE","Northern Forests",9144711000,9144.711,100,"non-glacial","MacFarlane"
"98","SLAVE RIVER AT FITZGERALD (ALBERTA)",1,0.0263055120094572,0.000825087118897079,69.2408959778515,185,0.0350369575140942,"2000-01-01","2022-12-31",0.0564507493010342,-29.6086956521739,173,23.4436749666929,"07NB001",857.3332961,0.142385732,"Unfrozen",0,43.948970138,602120.25,56.82465683,-115.3126083,13.308212455174,587.467041913885,368.062595125122,219.404446788763,-0.406168900156143,171.404108285507,579.544576258614,322.085814082704,257.45876217591,0.210081206695266,163.978651360063,15.0998277405522,17.2161549537134,118.022242541866,120.326711339461,75,"SLAVE RIVER AT FITZGERALD (ALBERTA)","Northern Forests",4.10151e+11,410150.9726,68.11778675,"non-glacial","Slave"
"99","HAY RIVER NEAR HAY RIVER",1,0.26021230097246,0.00832315287500206,68.8491341131303,94,0.339502211892224,"2000-01-01","2022-12-31",0.453027088229329,-30.7826086956522,154,64.9382395382395,"07OB001",0,0,"S",36949.81169,71.86519264,51415.44922,58.78165565,-118.6810622,10.8476939747641,469.080071082284,313.831621631294,155.24844945099,-0.697591323766711,118.186000739151,449.175731837149,261.114394784384,188.061337052765,-0.0115526289616425,100.944987399754,22.3154137093926,24.5292708255154,100.752297444633,103.517394214315,79,"HAY RIVER NEAR HAY RIVER","Taiga",42183048298,42183.0483,82.04352752,"non-glacial","Hay"
"100","CHINCHAGA RIVER NEAR HIGH LEVEL",1,0.452457082474686,0.0145105453317644,68.7963452784886,124,0.669573367353978,"2000-01-01","2022-12-31",0.99142886901282,14.7391304347826,150,46.5493067319154,"07OC001",0,0,"Unfrozen",0,60.353665417,10434.05957,57.6841429,-119.0506044,9.2528306927859,487.999865111083,329.182752368098,158.817112742986,0.0864237633830436,118.386903726552,471.734849338008,318.808038371742,152.926810966266,0.706225909362751,108.048907933399,23.7892486576041,26.1889110509547,100.715125003213,102.239288110958,80,"CHINCHAGA RIVER NEAR HIGH LEVEL","Northern Forests",7405936213,7405.936213,70.97847676,"non-glacial","Chinchaga"
"101","LOCKHART RIVER AT OUTLET OF ARTILLERY LAKE",1,0.0318020450342207,0.00149552812779792,61.1410237953891,16,0.0938962869712099,"2000-01-01","2022-12-31",0.0411530558494789,-72.0434782608696,259,261.525641025641,"07RD001",0,0,"C",22339.55408,83.93358724,26615.75,63.91144537,-109.4685638,10.1892584248078,373.740522209062,194.229742246451,179.51077996261,-9.447325105413,164.472433382816,371.939057954453,167.226934823242,204.712123131211,-8.33007475053773,152.881329138433,22.0940924758105,24.5800783561578,140.423562345431,137.343514010227,82,"LOCKHART RIVER AT OUTLET OF ARTILLERY LAKE","Taiga",16445652558,16445.65256,61.78917487,"non-glacial","Lockhart"
"102","SNARE RIVER BELOW GHOST RIVER",1,0.0930112016031818,0.00331098580811758,66.7094792194599,20,0.309482227289369,"2000-01-01","2022-12-31",0.143218858739721,-23.8695652173913,212,251.733333333333,"07SA002",0,0,"D",9144.779811,67.5314909,13541.50488,64.43182148,-114.0145604,9.51351468356948,NA,NA,NA,NA,NA,362.743278449826,210.360242738082,152.383035711744,-7.32818127690936,115.262319067192,23.3931540311926,NA,133.008562061044,NA,84,"SNARE RIVER BELOW GHOST RIVER","Taiga",13242664349,13242.66435,97.79315472,"non-glacial","Snare"
"103","YELLOWKNIFE RIVER AT OUTLET OF PROSPEROUS LAKE",1,0.0209414862379539,0.003200816260201,37.5665264071493,26,0.307126554810009,"2000-01-01","2022-12-31",0.144050653416866,215.173913043478,1,217.071428571429,"07SB002",0,0,"D",15973.84376,99.73547837,16016.20996,63.33215737,-113.3672045,9.68135661085968,NA,NA,NA,NA,NA,339.833234130851,206.203336608474,133.629897522377,-5.80591230812618,78.0998989992882,23.7612957354414,NA,124.670880771981,NA,86,"YELLOWKNIFE RIVER AT OUTLET OF PROSPEROUS LAKE","Taiga",16016210100,16016.2101,100,"non-glacial","Yellowknife"
"104","CAMERON RIVER BELOW REID LAKE",1,0.101094332528595,0.00661616453419501,54.5307647966611,22,0.537232936610666,"2000-01-01","2022-12-31",0.283950290448025,20.3913043478261,168,174.1875,"07SB010",0,0,"D",3701.4246,100,3701.424561,62.97549454,-112.976739,8.21647304101897,344.526196593,208.308953588001,136.217243004999,-6.90531167102476,85.7873682183367,330.52083484442,201.807512776581,128.713322067839,-5.38851566055058,70.9829102562316,24.8013760052367,20.3598180846294,121.825207448509,123.376081860855,87,"CAMERON RIVER BELOW REID LAKE","Taiga",3701424600,3701.4246,100,"non-glacial","Cameron"
"105","BAKER CREEK AT OUTLET OF LOWER MARTIN LAKE",1,0.550653900029414,0.0305340237596199,57.8452977241432,44,4.28966072113988,"2000-01-01","2022-12-31",3.30963658545147,7.34782608695652,154,75.5555555555556,"07SB013",0,0,"D",141.4606774,98.39462793,143.7687073,62.61095555,-114.4258562,4.96820580894941,NA,NA,NA,NA,NA,311.364773702424,193.576994214069,117.787779488355,-4.00055714058126,34.1933159657019,26.1742890855176,NA,113.593183788117,NA,88,"BAKER CREEK AT OUTLET OF LOWER MARTIN LAKE","Taiga",143768700,143.7687,100,"non-glacial","Baker"
"106","LA MARTRE RIVER BELOW OUTLET OF LAC LA MARTRE",1,0.0333289175896516,0.00195872168528217,56.6826671430873,57,0.0690939284047577,"2000-01-01","2020-12-31",0.0654203440713989,28.3809523809524,174,180.108644480519,"07TA001",0,0,"D",14248.2285,100,14248.22852,63.75554896,-118.5211246,9.56438786358316,396.438325270706,244.460157274758,151.978167995948,-6.30199299754186,103.606075283672,380.812258361792,238.600834684988,142.211423676805,-4.78784458200418,94.7336265035653,23.8339070828836,20.4458692895475,120.847457933847,122.697331821975,89,"LA MARTRE RIVER BELOW OUTLET OF LAC LA MARTRE","Taiga",14248228500,14248.2285,100,"non-glacial","La Martre"
"107","DEZADEASH RIVER AT HAINES JUNCTION",1,0.106747038587677,0.00302594993419321,71.2647368027529,143,0.135944312193528,"2000-01-01","2022-12-31",0.177699270317377,-20.9565217391304,176,36.9509473618169,"08AA003",25.53300183,0.303612247,"D",5871.366702,69.8162657,8409.740234,60.96910818,-137.187811,9.03714586473728,546.53265119828,219.086558163165,327.446093035115,-4.58541125767144,266.154408372647,606.237597775326,222.215922130817,384.021675644508,-3.30022823394652,162.914338377191,20.7263411121824,22.8428260590132,125.858513705651,137.45362018534,90,"DEZADEASH RIVER AT HAINES JUNCTION","Northwestern Forested Mountains",8409740400,8409.7404,100,"non-glacial","Dezadeash"
"108","SEKULMUN RIVER AT OUTLET OF SEKULMUN LAKE",1,0.347051917061143,0.0109238194626264,69.1705741768835,50,0.421389640395302,"2000-01-01","2022-12-31",0.398379048748899,-41.1739130434783,190,101.371212121212,"08AA008",0,0,"D",1226.8035,100,1226.803467,61.44677285,-137.75216,7.11216725828762,NA,NA,NA,NA,NA,573.485908254071,313.156828307888,260.329079946182,-4.40463085498877,134.023545119496,21.3626830592981,NA,128.389395324136,NA,91,"SEKULMUN RIVER AT OUTLET OF SEKULMUN LAKE","Northwestern Forested Mountains",1226803500,1226.8035,100,"non-glacial","Sekulmun"
"109","GILTANA CREEK NEAR THE MOUTH",1,0.541811491013168,0.0206968992099755,65.2986849190486,88,1.67021306001995,"2000-01-01","2021-12-31",2.24168171080444,10.8181818181818,152,44.9979978354978,"08AA009",0,0,"D",184.6368,100,184.636795,61.21107817,-136.8633693,5.21839062506683,NA,NA,NA,NA,NA,510.616568926465,274.985453322501,235.631115603964,-3.25614364857879,105.073388372755,22.9859560965512,NA,121.573143005863,NA,92,"GILTANA CREEK NEAR THE MOUTH","Northwestern Forested Mountains",184636800,184.6368,100,"non-glacial","Giltana"
"110","ALSEK RIVER ABOVE BATES RIVER",1,0.186536787559516,0.00478466195686925,73.2642619195,142,0.0932725034620423,"2000-01-01","2019-12-31",0.147007953086208,-8.15,204,26.6325686813187,"08AB001",2758.552151,17.96783335,"D",11910.72972,77.58055495,15352.72559,60.80821623,-137.6778807,9.63904830011937,NA,NA,NA,NA,NA,843.631896599205,246.046754102832,597.585142496373,-4.49748629297819,198.165560124469,19.6623703612431,NA,135.800559286763,NA,95,"ALSEK RIVER ABOVE BATES RIVER","Northwestern Forested Mountains",15352725568,15352.72557,99.99999979,"glacial","Alsek"
"111","TAKHANNE RIVER AT KM 167 HAINES HIGHWAY",1,0.345272622034462,0.0105617951054209,69.7418211780279,168,0.562171805927133,"2000-01-01","2022-12-31",0.943199621712095,4.73913043478261,169,23.0855178637787,"08AC001",0,0,"D",376.02,100,376.019989,60.14355778,-136.7673844,5.92964230421088,NA,NA,NA,NA,NA,857.889840817341,303.089977661841,554.799863155499,-2.87381120667451,264.009298305807,21.2971508895635,NA,132.330110469498,NA,96,"TAKHANNE RIVER AT KM 167 HAINES HIGHWAY","Northwestern Forested Mountains",376020000,376.02,100,"non-glacial","Takhanne"
"112","TATSHENSHINI RIVER NEAR DALTON POST",1,0.215395831129094,0.00629292038118321,70.6610431589155,195,0.193189924742159,"2000-01-01","2021-12-31",0.358069403609746,8.45454545454546,172,19.4895571600117,"08AC002",21.79190829,1.253501879,"D",1291.636126,74.296766,1738.4823,60.03358114,-136.7958623,7.46076777020541,NA,NA,NA,NA,NA,966.079845679577,308.30731221941,657.772533460167,-2.94121264768966,291.934096850908,21.099667755005,NA,134.518134624116,NA,97,"TATSHENSHINI RIVER NEAR DALTON POST","Northwestern Forested Mountains",1738482300,1738.4823,100,"glacial","Tatshenshini"
"113","TUYA RIVER NEAR TELEGRAPH CREEK",1,0.214669441132502,0.00665965830290063,69.4606236903536,157,0.264497278435085,"2000-01-01","2022-12-31",0.458438218261531,34.8695652173913,158,27.2503491677405,"08CD001",0,0,"S",3547.1835,100,3547.183594,58.6694902,-130.8289688,8.17390921379497,705.996525997603,310.174065140725,395.822460856878,-3.49768642315378,368.94595587633,757.136731663415,320.629678866941,436.507052796475,-1.83792861360822,175.662531331508,18.8097457698053,21.4375308219558,129.747574971004,140.707671319612,98,"TUYA RIVER NEAR TELEGRAPH CREEK","Northwestern Forested Mountains",3547183500,3547.1835,100,"non-glacial","Tuya"
"114","STIKINE RIVER AT TELEGRAPH CREEK",1,0.136159531627763,0.00385349697412218,71.2969236789078,179,0.115681462521563,"2000-01-01","2022-12-31",0.188098865929458,12,169,22.8121930002365,"08CE001",176.6756788,0.610323777,"S",21917.92392,75.71517605,28947.86133,57.92519875,-129.2907243,10.2732516056609,780.72838349282,310.053600781526,470.674782711294,-3.63984404343516,435.85267691872,829.813355274512,321.393448866048,508.419906408464,-2.09200358273487,284.216870153044,17.4724018743511,20.0479011479763,138.398138224047,143.245621626798,99,"STIKINE RIVER AT TELEGRAPH CREEK","Northwestern Forested Mountains",28947861000,28947.861,100,"non-glacial","Stikine"
"115","ISKUT RIVER BELOW JOHNSON RIVER",1,0.133233414577629,0.00386103088946322,70.8233673841894,314,0.14458693005782,"2000-01-01","2022-12-31",0.232441802913159,52.7826086956522,180,10.4708644017214,"08CG001",1793.785466,18.88488917,"S",6249.579557,65.79528017,9498.522461,57.0693391,-130.5269807,9.15889153507147,1679.89051142587,432.19910930757,1247.6914021183,-2.92177324748467,837.23883651253,1755.35250852442,438.223399757383,1317.12910876704,-0.930616576866106,469.381487335211,19.0997669532573,22.0974817043252,138.888038205262,148.138599889093,101,"ISKUT RIVER BELOW JOHNSON RIVER","Northwestern Forested Mountains",7231366092,7231.366092,76.13148273,"glacial","Iskut"
"116","SURPRISE CREEK NEAR THE MOUTH",1,0.362905663672904,0.0103423751799671,71.1578674034531,305,0.369682402951257,"2000-01-01","2022-12-31",0.651799951788816,70.7391304347826,173,10.566643549968,"08DA005",37.41044169,16.90209671,"S",169.0935546,76.39673536,221.3361053,56.19395656,-129.5416985,5.39968238467568,NA,NA,NA,NA,NA,2045.43563119227,672.997441453628,1372.43818973865,0.547207671277612,423.236088109192,21.3318039449223,NA,133.214101985822,NA,102,"SURPRISE CREEK NEAR THE MOUTH","Marine West Coast Forest",221336100,221.3361,100,"glacial","Surprise"
"117","ANSEDAGAN CREEK NEAR NEW AIYANSH",1,0.404938537222389,0.0136661571629227,67.7762559813123,307,1.37350809504852,"2000-01-01","2022-12-31",2.06061059629824,56.3913043478261,164,8.60528291155159,"08DB013",0.075232837,0.335630134,"S",22.41540001,100,22.41539955,55.11030564,-129.266845,3.10974820256565,NA,NA,NA,NA,NA,2348.06111166202,958.452135128639,1389.60897653339,2.64369915779416,410.387620888478,19.8246130026247,NA,124.890840881419,NA,105,"ANSEDAGAN CREEK NEAR NEW AIYANSH","Marine West Coast Forest",22415400.01,22.41540001,100,"non-glacial","Ansedagan"
"118","KISPIOX RIVER NEAR HAZELTON",1,0.210427900506216,0.00588842059161517,71.5231053633089,220,0.276042366445567,"2000-01-01","2022-12-31",0.451196822527284,24.4347826086957,156,16.8937040616388,"08EB004",0.676664866,0.036395517,"S",1853.50894,99.69398313,1859.198364,55.7271678,-128.2642345,7.52790068670884,1288.08249659744,582.331931527049,705.750565070393,0.670201227989166,690.134866302479,1347.42258950845,574.939217039373,772.48337246908,2.56085325795525,316.19362964166,19.8586374405393,22.8629687481176,114.69019921534,133.461563348008,106,"KISPIOX RIVER NEAR HAZELTON","Marine West Coast Forest",984139446.6,984.1394466,52.93353558,"non-glacial","Kispox"
"119","TWO MILE CREEK IN DISTRICT LOT 4834",1,0.304008849847528,0.013451282208755,62.3596475862602,120,2.21249050608336,"2000-01-01","2022-12-31",2.09569530353916,-69.695652173913,217,23.3371654860291,"08EE025",0,0,"S",18.73192497,94.75211668,19.76939964,55.31492485,-127.5734059,2.98413526949837,NA,NA,NA,NA,NA,1014.00184819411,586.193524588845,427.808323605266,3.08554846440781,234.081300650318,22.3095144102788,NA,107.234302879811,NA,109,"TWO MILE CREEK IN DISTRICT LOT 4834","Northwestern Forested Mountains",19089035.38,19.08903538,96.55849631,"non-glacial","Two Mile"
"120","DRIFTWOOD RIVER ABOVE KASTBERG CREEK",1,0.394078356951801,0.0119467028756626,69.9218886943208,190,0.513269830687826,"2000-01-01","2022-12-31",0.838098003283346,56.8260869565217,156,20.3810433527825,"08JD006",0.223823324,0.061509306,"S",363.8853,100,363.8853149,55.98842519,-126.8551077,5.89683874903605,NA,NA,NA,NA,NA,1095.11305031542,481.114708210857,613.998342104559,0.206881604814079,261.367706583463,20.4715995031478,NA,127.43948690912,NA,110,"DRIFTWOOD RIVER ABOVE KASTBERG CREEK","Northwestern Forested Mountains",363885300,363.8853,100,"non-glacial","Driftwood 1"
"121","ATLIN RIVER NEAR ATLIN",1,0.117310129710255,0.00328197077435619,71.5275404284253,48,0.0712649066755523,"2000-06-01","2022-12-31",0.0505405752962312,-72.6521739130435,241,93.6098484848485,"09AA006",657.7771616,9.548020133,"S",5303.528275,76.98381411,6889.146973,59.63626747,-133.7206544,8.83770254981184,NA,NA,NA,NA,NA,981.657486655983,346.054778529285,635.602708126698,-1.14000645053917,291.134892632114,19.3156131981037,NA,134.315657911662,NA,112,"ATLIN RIVER NEAR ATLIN","Northwestern Forested Mountains",6235674124,6235.674124,90.51445618,"glacial","Atlin"
"122","WHEATON RIVER NEAR CARCROSS",1,0.299705170130943,0.00862518164060132,70.9622640543824,139,0.389039061184448,"2000-01-01","2022-12-31",0.597171470632815,-17.6086956521739,180,25.9831139874618,"09AA012",0,0,"D",578.5287402,67.0892605,862.3269043,60.17971866,-135.2425973,6.75963443809778,791.996043257614,200.391292194407,591.604751063207,-4.27494547880705,415.824014005595,850.321139112099,197.602666315906,652.718472796193,-2.95381095259358,304.383146763113,20.6463350518449,23.496903318385,138.203050269748,144.496331762805,113,"WHEATON RIVER NEAR CARCROSS","Northwestern Forested Mountains",862326899.9,862.3268999,100,"non-glacial","Wheaton"
"123","IBEX RIVER NEAR WHITEHORSE",1,0.347044793852313,0.0111030910593565,68.8446063431923,158,0.766326723146817,"2000-01-01","2022-12-31",1.18261040424225,-14.7391304347826,173,24.0312049062049,"09AC007",0,0,"S",361.7244829,83.36190606,433.9205933,60.58186886,-135.4908653,6.07286155261377,NA,NA,NA,NA,NA,580.750315687865,277.89184395011,302.858471737755,-2.69108362681311,123.193939618029,21.4708970203564,NA,125.980071633215,NA,116,"IBEX RIVER NEAR WHITEHORSE","Northwestern Forested Mountains",433920599.9,433.9205999,99.99999998,"non-glacial","Ibex"
"124","SWIFT RIVER NEAR SWIFT RIVER",1,0.165337330510877,0.00479256695825485,70.8184329386948,122,0.173998494451655,"2000-01-01","2022-12-31",0.253108920890188,1.30434782608696,168,31.9956113934375,"09AE003",0,0,"S",3391.7742,100,3391.77417,59.92242693,-131.2419783,8.12910841745486,NA,NA,NA,NA,NA,705.352395994526,350.282990200476,355.06940579405,-2.83442248531986,176.487119051558,19.402446157266,NA,129.956420495725,NA,117,"SWIFT RIVER NEAR SWIFT RIVER","Northwestern Forested Mountains",3391774200,3391.7742,100,"non-glacial","Swift"
"125","MORELY RIVER AT KM 1251 ALASKA HIGHWAY",1,0.23960130628422,0.00703152827817287,70.5714448440447,112,0.265100060340471,"2000-01-01","2022-12-31",0.386060943401486,-3.82608695652174,165,38.4208074534162,"09AE006",0,0,"S",1576.5381,100,1576.538086,60.25501332,-131.7870253,7.36298663727243,NA,NA,NA,NA,NA,645.855431798117,338.982204874779,306.873226923337,-2.03777255050059,160.081843869857,20.0744068359642,NA,126.547613637026,NA,118,"MORELY RIVER AT KM 1251 ALASKA HIGHWAY","Northwestern Forested Mountains",1576538100,1576.5381,100,"non-glacial","Morely"
"126","BIG CREEK NEAR THE MOUTH",1,0.440251801514225,0.0143629394900864,68.4539119370956,157,0.790117989952518,"2000-01-01","2021-12-31",1.25158933458792,22.7727272727273,150,27.2458284140102,"09AH003",0,0,"D",1799.1414,100,1799.141357,62.39090844,-137.3615665,7.49506480618328,NA,NA,NA,NA,NA,510.972074606946,361.695511405555,149.276563201391,-2.8146330685759,94.4679367965982,21.3533156221672,NA,114.348796831297,NA,119,"BIG CREEK NEAR THE MOUTH","Northwestern Forested Mountains",1799141400,1799.1414,100,"non-glacial","Big Creek 1"
"127","NORDENSKIOLD RIVER BELOW ROWLINSON CREEK",1,0.199748302725404,0.00690478161414951,67.296878569199,94,0.368555080931543,"2000-01-01","2022-12-31",0.533392983565153,6.91304347826087,153,75.2899585921325,"09AH004",0,0,"D",6314.784535,97.58925355,6470.778809,61.53219081,-136.3175252,8.77505175258463,NA,NA,NA,NA,NA,468.745135146832,286.578862003,182.166273143832,-2.28242299763178,83.0689946580496,21.7809970996457,NA,115.600712012615,NA,120,"NORDENSKIOLD RIVER BELOW ROWLINSON CREEK","Northwestern Forested Mountains",6470778600,6470.7786,100,"non-glacial","Nordenskiold"
"128","ROSS RIVER AT ROSS RIVER",1,0.212735790120365,0.0062542613975216,70.5357583752707,109,0.218491167394854,"2000-01-01","2022-12-31",0.315824419011868,-9.1304347826087,162,43.9605072463768,"09BA001",20.60305411,0.287112053,"D",6956.745186,96.94511217,7175.962891,62.42815194,-131.0525716,8.87849223245993,581.023195946269,310.257748830997,270.765447115271,-5.28382902371843,242.281314179437,604.430627727142,290.385875998593,314.044751728549,-4.08223314380109,177.001604179166,18.7553549498632,20.5842806482779,125.695781056731,132.942592117619,121,"ROSS RIVER AT ROSS RIVER","Northwestern Forested Mountains",4210659597,4210.659597,58.67727738,"non-glacial","Ross"
"129","PELLY RIVER AT PELLY CROSSING",1,0.13077932648905,0.00380726722114855,70.7319941035077,99,0.123659276736196,"2000-01-01","2022-12-31",0.177647307660748,-12.9565217391304,165,41.1349896480331,"09BC001",25.52721744,0.052221453,"D",38350.85065,78.45497207,48882.625,62.50353788,-132.5109099,10.7971772953495,541.020904972731,295.521380001975,245.499524970756,-4.61510957580108,211.861175318946,565.715595677657,278.881730363359,286.833865314298,-3.49621456244576,156.044992988566,17.8009906129819,19.3213182996011,123.559943885705,130.999982646541,123,"PELLY RIVER AT PELLY CROSSING","Northwestern Forested Mountains",36413174313,36413.17431,74.4910354,"non-glacial","Pelly (Pelly Crossing)"
"130","PELLY RIVER BELOW VANGORDA CREEK",1,0.16288045183549,0.00471744554513717,70.834981047293,105,0.166178345683036,"2000-01-01","2022-12-31",0.230141138234076,-8.30434782608696,165,37.7700483091787,"09BC004",20.60305411,0.093904805,"D",16316.6098,74.36800634,21940.36133,62.13026242,-131.2166565,9.99608320269999,NA,NA,NA,NA,NA,588.187150457342,332.218425389183,255.968725068159,-3.90350786022238,162.144466956787,18.0706266754024,NA,127.075614828058,NA,125,"PELLY RIVER BELOW VANGORDA CREEK","Northwestern Forested Mountains",14602720276,14602.72028,66.55642362,"non-glacial","Pelly (Vangorda Creek)"
"131","DUKE RIVER NEAR THE MOUTH",1,0.40390126887574,0.0106411651473966,72.7288095974239,180,0.476118005505455,"2000-01-01","2021-12-31",0.791971026854934,-28.7272727272727,202,18.6550043390952,"09CA004",111.6450674,17.13697065,"D",629.6772489,96.65237149,651.4865723,61.16032694,-139.1000108,6.47925678591505,NA,NA,NA,NA,NA,695.555745291702,250.127498097931,445.42824719377,-7.05431354235601,233.846027552745,21.8418720867858,NA,142.768294056666,NA,127,"DUKE RIVER NEAR THE MOUTH","Northwestern Forested Mountains",651486600,651.4866,100,"glacial","Duke"
"132","NISLING RIVER BELOW ONION CREEK",1,0.177784192670977,0.00601306425378348,67.7327187240647,132,0.387403957864713,"2000-01-01","2022-12-31",0.530298209673929,-70.8695652173913,242,33.9690476190476,"09CA006",0,0,"D",7932.1878,100,7932.187988,61.95122146,-137.9432624,8.97868418930842,NA,NA,NA,NA,NA,525.606409828239,349.270819239386,176.335590588853,-3.61553943774137,103.110787519484,21.0567027150515,NA,117.257859454493,NA,128,"NISLING RIVER BELOW ONION CREEK","Northwestern Forested Mountains",7932187800,7932.1878,100,"non-glacial","Nisling"
"133","WHITE RIVER AT KILOMETRE 1881.6 ALASKA HIGHWAY",1,0.20398736889306,0.00563900863646327,71.7669959670629,190,0.165587878431054,"2000-01-01","2022-12-31",0.235580532930657,-17.9130434782609,199,19.3301120661095,"09CB001",2273.897612,37.64547779,"D",5903.416043,97.73391572,6040.294434,61.60074637,-141.0660046,8.70620803709174,NA,NA,NA,NA,NA,807.540749471926,272.817967265527,534.722782206399,-7.9349390918194,269.768772921186,19.0366430469216,NA,150.199097330055,NA,129,"WHITE RIVER AT KILOMETRE 1881.6 ALASKA HIGHWAY","Northwestern Forested Mountains",6040294200,6040.2942,100,"glacial","White"
"134","BEAVER RIVER BELOW MATSON CREEK",1,0.195598227795961,0.00576232863194266,70.4944205564554,124,0.221568546605788,"2000-01-01","2022-12-31",0.329688484291131,1.39130434782609,163,33.099035384905,"09DB001",0,0,"D",4011.181805,84.07158938,4771.150391,64.29124176,-134.3883373,8.47034272692247,NA,NA,NA,NA,NA,586.378208143205,340.498268555119,245.879939588085,-5.93515510248727,153.216499347809,19.6335957810765,NA,127.93886563428,NA,134,"BEAVER RIVER BELOW MATSON CREEK","Taiga",4441231779,4441.231779,93.08513866,"non-glacial","Beaver"
"135","STEWART RIVER AT THE MOUTH",1,0.127795815709754,0.00376024094512268,70.519015279677,121,0.130718794030741,"2000-01-01","2022-12-31",0.190453521523625,-7.43478260869565,165,37.677906875733,"09DD003",108.6104497,0.212859256,"D",49810.40127,97.62048654,51024.53516,63.68654031,-134.4007471,10.8400618775925,560.104364422335,313.760966707317,246.343397715018,-5.80354503465661,215.630571438389,570.218357736389,288.227716504799,281.99064123159,-4.82572971828481,174.29489174812,17.9456927732152,19.0724764912102,128.453078471768,134.299041526123,135,"STEWART RIVER AT THE MOUTH","Northwestern Forested Mountains",31266413212,31266.41321,61.27721103,"non-glacial","Stewart"
"136","MCQUESTEN RIVER NEAR THE MOUTH",1,0.181302799587173,0.00554396322275496,69.749178624332,132,0.215572876087746,"2000-01-01","2022-12-31",0.352366884383986,-1.69565217391304,158,32.3195809021896,"09DD004",0,0,"D",4738.5441,100,4738.543945,63.97829273,-136.1549611,8.46348518289911,NA,NA,NA,NA,NA,519.073847841491,315.874178498487,203.199669343004,-4.99740357171394,134.074875115731,20.6999939148029,NA,122.02596924969,NA,137,"MCQUESTEN RIVER NEAR THE MOUTH","Northwestern Forested Mountains",4024240924,4024.240924,84.92568264,"non-glacial","McQuesten"
"137","KLONDIKE RIVER ABOVE BONANZA CREEK",1,0.175909501577518,0.00526460829237663,70.1792584560548,152,0.243188118040076,"2000-01-01","2022-12-31",0.347884529774425,-13.8695652173913,159,28.6426673567978,"09EA003",0,0,"D",7819.7058,100,7819.705566,64.11558909,-137.9581226,8.96440218142387,507.998591375671,300.614872120826,207.383719254845,-5.72387136689158,170.955355051078,518.385948355839,277.476094621878,240.90985373396,-4.96254104736119,152.162032388686,20.4501116574504,21.9663753407743,124.872816314877,129.562893233216,139,"KLONDIKE RIVER ABOVE BONANZA CREEK","Northwestern Forested Mountains",5246547267,5246.547267,67.09392144,"non-glacial","Klondike"
"138","NORTH KLONDIKE RIVER NEAR THE MOUTH",1,0.261946224553395,0.00775050299555028,70.4076297797491,125,0.339429591161209,"2000-01-01","2022-12-31",0.500632797851792,-5.30434782608696,165,30.9562284334023,"09EA004",0,0,"D",1136.9178,100,1136.917847,64.31828811,-138.3968666,7.03607623696242,578.089300166632,361.099660819765,216.989639346867,-6.27158849446778,184.000222993569,564.472682471508,357.942021883925,206.530660587583,-5.51263482384785,171.975906324048,20.1610927794967,17.0331996311422,131.869969536079,134.05132084877,142,"NORTH KLONDIKE RIVER NEAR THE MOUTH","Taiga",827469452.9,827.4694529,72.78181878,"non-glacial","North Klondike"
"139","INDIAN RIVER ABOVE THE MOUTH",1,0.457684882924181,0.0149388701905662,68.4442873008081,165,0.834055467384074,"2000-01-01","2022-12-31",1.36779772587947,-11.5217391304348,147,25.8045097414663,"09EB003",0,0,"D",2215.0017,100,2215.001709,63.6922327,-138.8653541,7.7030084540365,NA,NA,NA,NA,NA,451.569125818814,320.122499726279,131.446626092536,-3.71081937929644,105.144029368304,22.7766132192791,NA,112.608981553797,NA,143,"INDIAN RIVER ABOVE THE MOUTH","Northwestern Forested Mountains",2215001700,2215.0017,100,"non-glacial","Indian"
"140","SIXTY MILE RIVER NEAR THE MOUTH",1,0.423399423569401,0.0135770194550442,68.7987475941745,166,0.667135952070935,"2000-01-01","2021-12-31",1.04206956959969,6.77272727272727,150,24.0287904015177,"09EB004",0,0,"D",3057.2406,100,3057.240479,63.83857535,-140.5284981,8.02526798382798,NA,NA,NA,NA,NA,482.311074290947,346.080883103065,136.230191187882,-4.31935859933131,105.822183020772,21.9327105309787,NA,115.717882124134,NA,144,"SIXTY MILE RIVER NEAR THE MOUTH","Northwestern Forested Mountains",3057240600,3057.2406,100,"non-glacial","Sixty Mile"
"141","PORCUPINE RIVER NEAR INTERNATIONAL BOUNDARY",1,0.201352736001935,0.00617295368279384,69.6976167060515,138,0.327786934599301,"2000-01-01","2022-12-31",0.495582708070912,-16.4347826086957,164,32.6859040717736,"09FD002",0,0,"C",56023.52636,95.06388976,58932.5,67.11221045,-138.7179415,10.9841480001461,NA,NA,NA,NA,NA,430.671901994979,262.741504017953,167.930397977026,-7.22184572355965,112.154633422739,19.8204858412029,NA,130.370147605168,NA,146,"PORCUPINE RIVER NEAR INTERNATIONAL BOUNDARY","Taiga",50881368158,50881.36816,86.33838474,"non-glacial","Porcupine"
"142","LIARD RIVER AT UPPER CROSSING",1,0.112683592821052,0.00320136970321042,71.2201015438288,108,0.105713045833117,"2000-01-01","2022-12-31",0.14174448952015,-6.21739130434783,169,42.7083850931677,"10AA001",16.2136035,0.049690292,"S",20781.48551,63.68961001,32629.31836,60.83960315,-129.9995336,10.3929664993906,655.493972008971,316.14423424383,339.349737765141,-4.3831738129426,291.010432126484,687.781808504424,299.561313413756,388.220495090668,-3.18946757506917,199.76180979812,17.9589880257508,19.6712773242632,128.463670233318,135.48050232598,148,"LIARD RIVER AT UPPER CROSSING","Northwestern Forested Mountains",28684682829,28684.68283,87.91076373,"non-glacial","Liard (upper crossing)"
"143","RANCHERIA RIVER NEAR THE MOUTH",1,0.157319465852776,0.00455524534108004,70.8399832215517,109,0.174975696462098,"2000-01-01","2022-12-31",0.253307174856142,-10.1304347826087,169,38.9707795827361,"10AA004",0,0,"S",5155.323299,99.99999999,5155.323242,59.95854448,-130.3009667,8.54778509904389,NA,NA,NA,NA,NA,660.342336235792,330.787952721657,329.554383514135,-2.67425605683613,180.433323026406,20.2017354665522,NA,130.060162591165,NA,150,"RANCHERIA RIVER NEAR THE MOUTH","Northwestern Forested Mountains",5155323299,5155.323299,99.99999999,"non-glacial","Rancheria"
"144","BIG CREEK AT KM 1084.8 ALASKA HIGHWAY",1,0.215333222511172,0.00652264943585754,69.9381210373767,132,0.365149430037433,"2000-01-01","2022-12-31",0.464393537414792,-7.21739130434783,166,33.9412149444758,"10AA005",0,0,"S",1010.7882,100,1010.788208,59.97584765,-130.0638761,6.91848570943887,NA,NA,NA,NA,NA,649.181336135679,339.028082861883,310.153253273796,-2.25541059258244,157.864701117241,21.1343773570759,NA,126.412246289115,NA,151,"BIG CREEK AT KM 1084.8 ALASKA HIGHWAY","Northwestern Forested Mountains",1010788200,1010.7882,100,"non-glacial","Big Creek 2"
"145","FRANCES RIVER NEAR WATSON LAKE",1,0.151566236957597,0.00428762831426301,71.3057799494756,88,0.118137105953317,"2000-01-01","2022-12-31",0.154187418786938,-3.56521739130435,172,57.7478260869565,"10AB001",16.2136035,0.126735862,"D",11226.86113,87.75630449,12793.22461,61.38628231,-129.5018648,9.45667098242078,713.252258552396,345.569815992344,367.682442560052,-5.12944140806187,331.706035024563,751.180049094432,335.719258174516,415.460790919915,-3.94079164813826,218.832153346063,18.0838050937301,NA,129.873944089751,NA,152,"FRANCES RIVER NEAR WATSON LAKE","Northwestern Forested Mountains",8848589229,8848.589229,69.16621498,"non-glacial","Frances"
"146","COTTONWOOD RIVER ABOVE BASS CREEK",1,0.271520148859626,0.00801510338938971,70.454173285316,165,0.332720239039507,"2000-01-01","2022-12-31",0.534788534603164,8,168,22.7936153822023,"10AC005",0,0,"S",880.5239999,100,880.5239868,59.18292274,-130.1951918,6.78051716981392,707.23774206139,290.974798685779,416.262943375612,-4.59145027115942,383.320315757725,749.839674641065,286.012975621103,463.826699019962,-3.21671011460241,260.935313613249,19.0288135945044,21.7174941163326,135.841081431946,140.289594764448,154,"COTTONWOOD RIVER ABOVE BASS CREEK","Northwestern Forested Mountains",880523999.9,880.5239999,100,"non-glacial","Cottonwood"
"147","TOAD RIVER ABOVE NONDA CREEK",1,0.204433126346087,0.00571078011539705,71.557705489466,193,0.150230401640385,"2000-01-01","2022-12-31",0.256156975647608,-13.0434782608696,179,21.6484320027798,"10BE004",13.56565293,0.52976015,"S",2529.939036,98.798111,2560.716064,58.59952413,-125.7782649,7.84804221086136,766.804592588228,335.988581162391,430.816011425837,-5.52715134066795,416.310713626939,793.280726996701,325.734280453733,467.546446542969,-4.65084655840984,363.704540055216,18.7452312284466,21.4348547075687,141.85563246121,144.41672556004,155,"TOAD RIVER ABOVE NONDA CREEK","Northwestern Forested Mountains",2560716000,2560.716,100,"non-glacial","Toad"
"148","TROUT RIVER AT KILOMETRE 783.7 ALASKA HIGHWAY",1,0.156410674733728,0.00466465276284695,70.2494336314302,121,0.230930126173525,"2000-01-01","2022-12-31",0.302926582418511,-14.304347826087,180,36.3400103519669,"10BE007",0,0,"S",1191.6837,100,1191.683716,59.03488781,-125.923371,7.08312247349052,731.302857854822,371.610525712761,359.692332142061,-4.36266840121341,337.740537427017,749.794507673636,345.442114997062,404.352392676574,-3.39406658640908,250.913228988598,20.2432180597034,21.9597072655981,132.768558115823,135.561265127411,156,"TROUT RIVER AT KILOMETRE 783.7 ALASKA HIGHWAY","Northwestern Forested Mountains",1191683700,1191.6837,100,"non-glacial","Trout 2"
"149","TEETER CREEK NEAR THE MOUTH",1,0.216716206336787,0.00752306242173843,67.212308014422,88,0.836290387318854,"2000-01-01","2022-12-31",0.753804629232678,-29.5217391304348,174,47.1698107448107,"10BE009",0,0,"S",152.9738836,72.60149147,210.7035065,59.56252741,-126.1814391,5.35045196281689,NA,NA,NA,NA,NA,583.33589133274,345.457032252676,237.878859080064,-1.55347776801822,119.683152684695,24.0823652955322,NA,112.911942044597,NA,157,"TEETER CREEK NEAR THE MOUTH","Northwestern Forested Mountains",210703500,210.7035,100,"non-glacial","Teeter"
"150","SMITH RIVER NEAR THE MOUTH",1,0.0736695897712373,0.00269724782376683,66.1471632720005,90,0.146303818724266,"2000-01-01","2021-12-31",0.188981638927188,-13.8181818181818,164,46.8046782762692,"10BE013",0,0,"D",2351.703887,61.30439774,3836.109619,60.03148461,-126.449895,8.25221401197668,NA,NA,NA,NA,NA,607.879786474818,365.067625471641,242.812161003177,-2.07032594125294,121.092406175993,22.9885857428348,NA,114.981590543869,NA,158,"SMITH RIVER NEAR THE MOUTH","Northwestern Forested Mountains",3836109600,3836.1096,100,"non-glacial","Smith"
"151","SIKANNI CHIEF RIVER NEAR FORT NELSON",1,0.232542348868858,0.00678311762254802,70.6927106302864,143,0.297814991137073,"2000-01-01","2022-12-31",0.433573626331428,3.04347826086957,172,27.6871118012422,"10CB001",0.461601779,0.02114536,"S",1879.193272,86.08333145,2182.993164,57.18054711,-123.4766889,7.68845222507459,719.036304924315,372.928733981137,346.107570943178,-3.08079040698254,311.507420043815,717.935675285204,340.192895821427,377.742779463777,-2.22338761149701,238.384884463976,22.0384809481541,24.3604163213512,134.00990431274,135.885992124439,159,"SIKANNI CHIEF RIVER NEAR FORT NELSON","Northwestern Forested Mountains",1851121193,1851.121193,84.79738704,"non-glacial","Sikanni"
"152","MUSKWA RIVER NEAR FORT NELSON",1,0.180902278355042,0.00518614143788151,71.0393405422529,164,0.209074280688913,"2000-01-01","2022-12-31",0.338330585243605,-9.65217391304348,173,23.3508328627894,"10CD001",105.0555268,0.518643586,"S",13571.64983,67.00122642,20255.82227,58.15753993,-123.6564334,9.91619755071505,701.909289693602,421.828298435778,280.080991257824,-2.70655733928523,249.034666137181,686.114256699193,368.597171856865,317.517084842329,-1.79076294768787,186.282963070791,21.5168619587048,24.0655136353435,129.140653917525,130.831382209646,162,"MUSKWA RIVER NEAR FORT NELSON","Taiga",10450451506,10450.45151,51.59233227,"non-glacial","Muskwa"
"153","RASPBERRY CREEK NEAR THE MOUTH",1,0.756890855621801,0.0296709620312201,64.7810040946762,140,2.89406441709571,"2000-01-01","2022-12-31",4.35326768088501,22.304347826087,147,26.3259575569358,"10CD003",0,0,"S",274.7727003,100.0000001,274.7727051,58.95539724,-123.3849474,5.61594422899578,NA,NA,NA,NA,NA,575.564679919801,384.368961499241,191.19571842056,-0.363802964247695,109.024696330614,26.090317573386,NA,104.28027151265,NA,163,"RASPBERRY CREEK NEAR THE MOUTH","Taiga",274772700.3,274.7727003,100.0000001,"non-glacial","Raspberry"
"154","ADSETT CREEK AT KILOMETRE 386.0 ALASKA HIGHWAY",1,0.753095089235593,0.0298252350295376,64.576733042267,188,3.89523182347324,"2000-01-01","2022-12-31",5.80321989121105,34,158,17.854016876843,"10CD005",0,0,"S",92.37797203,83.33849544,110.8467026,58.078155,-122.602269,4.7081481891156,NA,NA,NA,NA,NA,618.525749504451,436.067991963921,182.45775754053,0.0471645437362755,95.3042762605646,25.1447756192748,NA,102.213720815531,NA,164,"ADSETT CREEK AT KILOMETRE 386.0 ALASKA HIGHWAY","Taiga",110846699.9,110.8466999,99.99999994,"non-glacial","Adsett"
"155","LIARD RIVER NEAR THE MOUTH",1,0.0949203646430324,0.00272067881241285,71.0431372116738,141,0.0943544905426528,"2000-01-01","2022-12-31",0.15094374771222,-35.2173913043478,170,27.1774844720497,"10ED002",818.5498238,0.299263257,"S",161454.076,59.02789447,273521.6563,59.89669819,-125.4939374,12.5191360797935,636.754869148444,369.328643128788,267.426226019656,-3.40737447203891,243.701846682227,642.667341074507,321.468277440208,321.199063634299,-2.55634051186811,179.727884505992,16.500083575876,16.7133605688359,127.271257836617,131.094134910246,168,"LIARD RIVER NEAR THE MOUTH","Taiga",1.34584e+11,134583.7424,49.20405318,"non-glacial","Liard (mouth)"
"156","BIRCH RIVER AT HIGHWAY NO. 7",1,0.59295468626015,0.022420878970649,65.5025072008901,120,1.61163827166896,"2000-01-01","2022-12-31",2.31929362372632,22.9565217391304,148,35.7508171779911,"10ED003",0,0,"S",549.7415999,100,549.7415771,61.18274385,-121.9111309,6.30944830798962,475.315117713754,315.27010296762,160.045014746134,-2.30328250073324,133.080753062496,533.650599545706,357.15915377464,176.491445771065,-1.5812187218098,176.215802020902,26.1559794440206,22.471868204568,115.741060821149,107.667917024456,169,"BIRCH RIVER AT HIGHWAY NO. 7","Taiga",549741599.9,549.7415999,100,"non-glacial","Birch"
"157","BLACKSTONE RIVER AT HIGHWAY NO. 7",1,0.472517990665494,0.0169650834357776,66.5383701070986,128,1.08339292560435,"2000-01-01","2021-12-31",1.63591987993671,20.7272727272727,150,30.3436868686869,"10ED007",0,0,"S",1338.564112,95.22731007,1405.651489,61.0214898,-122.1891639,7.24825616753379,NA,NA,NA,NA,NA,573.646933182918,390.001669823329,183.645263359589,-1.63769433565365,172.981677472137,25.5593788107545,NA,116.265196240732,NA,170,"BLACKSTONE RIVER AT HIGHWAY NO. 7","Taiga",1405651500,1405.6515,100,"non-glacial","Blackstone 2"
"158","SCOTTY CREEK AT HIGHWAY NO. 7",1,0.734123764353547,0.0308087407879301,63.4175837830343,114,2.62883501474761,"2000-01-01","2022-12-31",3.92272096948886,10.9130434782609,146,34.3077639751553,"10ED009",0,0,"S",129.8259,99.99999999,129.8258972,61.34386677,-121.3497382,4.86619430054802,NA,NA,NA,NA,NA,479.748318487594,322.235769405229,157.512549082365,-1.7691871458207,168.153164844562,26.0203878483278,NA,115.837389356465,NA,171,"SCOTTY CREEK AT HIGHWAY NO. 7","Taiga",129825900,129.8259,99.99999999,"non-glacial","Scotty"
"159","JEAN-MARIE RIVER AT HIGHWAY NO. 1",1,0.446805742474862,0.0164707181297619,66.0107954806228,99,1.05087870717154,"2000-01-01","2022-12-31",1.39264631802214,6.04347826086957,155,41.5202380952381,"10FB005",0,0,"S",1259.7678,100,1259.767822,61.15020812,-120.9137683,7.13868271471207,450.89517019108,299.136421786647,151.758748404433,-2.28830482295714,133.17900614008,478.612187311131,281.270253807728,197.341933503403,-1.60181019089491,159.725021138915,25.7141553873041,25.9849960209519,114.939874601251,107.11240209064,173,"JEAN-MARIE RIVER AT HIGHWAY NO. 1","Taiga",1259767800,1259.7678,100,"non-glacial","Jean-Marie"
"160","MACKENZIE RIVER AT FORT SIMPSON",1,0.0549682521409326,0.00140266307162252,73.3676632202084,104,0.0493440288237516,"2000-01-01","2022-12-31",0.063914573796244,-33.3913043478261,171,56.8580086580087,"10GC001",1675.900249,0.128837338,"S",480661.2342,36.95155133,1300787.75,59.10872346,-117.0623151,14.0784806004497,524.982402396819,317.425469830066,207.556932566753,-2.56816731868445,165.419038922731,529.505306106653,284.44318623406,245.062119872593,-1.76622514976547,144.085290424882,12.9079003179997,14.494660978497,121.06796111838,123.620276042079,176,"MACKENZIE RIVER AT FORT SIMPSON","Taiga",6.18141e+11,618140.6882,47.52048999,"non-glacial","Mackenzie (Fort Simpson)"
"161","MARTIN RIVER AT HIGHWAY NO. 1",1,0.448324029362474,0.0157216940198492,67.0094941505815,109,1.0482993639349,"2000-01-01","2022-12-31",1.3172685851212,12.9565217391304,154,40.8927881297447,"10GC003",0,0,"D",2055.331592,99.22114993,2071.465088,61.67744621,-122.0610203,7.63601140788762,441.494529452629,298.65700604904,142.837523403589,-3.25723912459229,129.954799724348,475.099649585568,284.41623938379,190.683410201778,-2.48708577822747,170.905861421718,25.7307981431691,26.0541960161438,117.355645081415,110.972069972933,178,"MARTIN RIVER AT HIGHWAY NO. 1","Taiga",2071465200,2071.4652,100,"non-glacial","Martin"
"162","CAMSELL RIVER AT OUTLET OF CLUT LAKE",1,0.0213691777069967,0.00134272678441869,55.3449425933218,30,0.0938597226710011,"2000-01-01","2022-12-31",0.041840064820272,-12.2608695652174,201,204.311274509804,"10JA002",0,0,"D",26583.08312,82.74003846,32128.43945,64.96351075,-117.1032059,10.377496881058,346.17874273717,185.864333107292,160.314409629878,-7.67868826536772,135.110805599678,364.385690226312,185.908830392049,178.476859834263,-6.48983704578167,109.970165334561,22.5829244383495,24.3736413035935,129.816574270982,131.440166840313,179,"CAMSELL RIVER AT OUTLET OF CLUT LAKE","Taiga",32128439399,32128.4394,100,"non-glacial","Camsell"
"163","ARCTIC RED RIVER NEAR THE MOUTH",1,0.192923215630536,0.00577821263582422,70.163957219268,185,0.277176096168142,"2000-01-01","2022-12-31",0.463106943956841,-23.7826086956522,168,20.2905999797304,"10LA002",35.48757554,0.189219199,"C",18660.25209,99.49617273,18754.74414,65.57898847,-131.9752578,9.83920202019419,544.469389157078,287.366144805539,257.103244351538,-8.01176079763144,233.672692940306,561.624570944025,276.128967980925,285.4956029631,-6.53631183764286,192.042481091621,18.861605927666,21.1365442250565,133.312908408471,139.104598789924,184,"ARCTIC RED RIVER NEAR THE MOUTH","Taiga",18754743600,18754.7436,100,"non-glacial","Arctic Red"
"164","RENGLENG RIVER BELOW HIGHWAY NO. 8 (DEMPSTER HIGHWAY)",1,0.595284073006252,0.0224261168303431,65.5762503123165,75,2.34914229857543,"2000-01-01","2022-12-31",2.74710617102239,-21.1904761904762,162,39.4207431457431,"10LC003",0,0,"C",1336.7259,99.99999997,1336.725952,67.68075209,-133.0579521,7.19797858376614,275.684648829139,133.676626342237,142.008022486902,-8.39791310929442,96.7936207990396,311.304900595876,178.724640182505,132.580260413371,-6.43365302887085,102.325872167442,25.4028038885053,24.1878381684743,129.506800141904,131.570787636781,185,"RENGLENG RIVER BELOW HIGHWAY NO. 8 (DEMPSTER HIGHWAY)","Taiga",1336725900,1336.7259,99.99999997,"non-glacial","Rengleng"
"165","CARIBOU CREEK ABOVE HIGHWAY NO. 8 (DEMPSTER HIGHWAY)",1,0.342533294430597,0.0159222241622102,61.3730596730921,72,1.51571455210437,"2000-01-01","2017-12-31",2.00317908635889,-18.8888888888889,161,55.5701499118166,"10LC007",0,0,"C",610.1954998,99.99999997,610.1954956,67.97674266,-132.9821984,6.4137793904133,277.232450245989,133.290546750916,143.941903495073,-8.56582047198866,96.9808141291315,313.171031421169,172.858849183476,140.312182237693,-6.88894401640976,112.558148924248,21.9082380352017,21.9744324861193,132.263121112962,133.502618188809,186,"CARIBOU CREEK ABOVE HIGHWAY NO. 8 (DEMPSTER HIGHWAY)","Taiga",610195499.8,610.1954998,99.99999997,"non-glacial","Caribou"
"166","MACKENZIE RIVER AT ARCTIC RED RIVER",1,0.0502633691639958,0.00146790743020496,70.6687738961526,134,0.0489477511335102,"2000-01-01","2022-12-31",0.0818199540810177,-28.7826086956522,173,30.5429606625259,"10LC014",1799.719254,0.106098451,"D",486652.17,28.68949783,1696272.875,60.50393001,-118.5029942,14.3439439756704,503.092271167661,309.508926797778,193.583344369884,-3.67485714457152,158.995981462009,505.524421988085,269.577063008665,235.94735897942,-2.89568774906953,139.099980556557,11.7337747964611,11.7954814555948,123.381757378337,125.685365030835,189,"MACKENZIE RIVER AT ARCTIC RED RIVER","Taiga",9.9933e+11,999329.6475,58.91325986,"non-glacial","Mackenzie (Arctic Red)"
"167","BLACKSTONE RIVER NEAR CHAPMAN LAKE AIRSTRIP",1,0.562333161676253,0.0192219555167583,67.5208269280929,123,0.687613694322787,"2005-09-14","2022-12-31",1.05533906796022,-8.38888888888889,164,22.6949194324194,"10MA003",0,0,"D",1174.9797,99.99999999,1174.979736,64.67083345,-138.536494,7.0690061804721,NA,NA,NA,NA,NA,578.024535681267,372.374704514025,205.649831167242,-6.8816650351112,143.147545168785,14.1981899646624,NA,133.080368531599,NA,191,"BLACKSTONE RIVER NEAR CHAPMAN LAKE AIRSTRIP","Taiga",1174979700,1174.9797,100,"non-glacial","Blackstone 1"
"168","PEEL RIVER ABOVE FORT MCPHERSON",1,0.127583426559101,0.00383780015948082,70.077422985311,130,0.170089720548853,"2000-01-01","2022-12-31",0.29289253432255,-22.6521739130435,165,30.3967391304348,"10MC002",28.79557033,0.040743735,"C",57212.83656,80.95219615,70674.84375,65.43205928,-135.5100548,11.1658449717352,540.313561331974,286.347760205905,253.96580112607,-8.32678645864578,228.308687637215,557.261205568631,271.591005863166,285.670199705464,-6.83576093854739,173.765143940414,17.7471940892574,19.574105946121,131.892302510528,138.203459050144,192,"PEEL RIVER ABOVE FORT MCPHERSON","Taiga",67154934356,67154.93436,95.01957506,"non-glacial","Peel"
"169","TRAIL VALLEY CREEK NEAR INUVIK",1,0.948222343780055,0.056058509031106,56.5638613034628,104,8.52447739820568,"2000-01-01","2016-11-21",11.003554611458,1.3125,164,24.3900793650794,"10ND002",0,0,"D",63.0567,100,63.05670166,68.71400923,-133.6377274,4.14403434795988,NA,NA,NA,NA,NA,281.442370713504,145.026029813323,136.416340900182,-7.91899189360144,113.193014211584,21.1308377127599,NA,136.161124134894,NA,194,"TRAIL VALLEY CREEK NEAR INUVIK","Tundra",63056700,63.0567,100,"non-glacial","Trail Valley"
"170","YAMBA RIVER BELOW DARING LAKE",1,0.321941597617417,0.0116920075628422,66.3092932229478,42,0.435191208540326,"2000-05-04","2022-12-31",0.40099633869947,-27.0869565217391,198,90.7310606060606,"10PA002",0,0,"C",3078.844201,100,3078.844238,64.99054265,-111.0404328,8.0323095581421,NA,NA,NA,NA,NA,373.985203251236,204.940500043679,169.044703207557,-9.48697583465031,166.943727739807,23.4418257578443,NA,145.734069720554,NA,195,"YAMBA RIVER BELOW DARING LAKE","Tundra",3078844201,3078.844201,100,"non-glacial","Yamba"
"171","COPPERMINE RIVER AT OUTLET OF POINT LAKE",1,0.0970618759524713,0.0031390481339262,68.6285811929915,36,0.168746199775845,"2000-01-01","2022-12-31",0.110328191014882,-35.5652173913044,207,128.380411255411,"10PB001",0,0,"C",20291.6736,100,20291.67383,65.01021442,-111.8098742,9.9179659247352,378.176377585284,189.627998880659,188.548378704625,-10.3518120295566,163.374697386276,376.633440146011,173.748622609468,202.884817536543,-9.1274360571211,167.740873984452,22.2430958271105,24.3915121879177,144.221006772551,141.537499479456,197,"COPPERMINE RIVER AT OUTLET OF POINT LAKE","Tundra",17713638064,17713.63806,87.29510642,"non-glacial","Coppermine"
"172","BACK RIVER BELOW BEECHY LAKE",1,0.333698457744087,0.0120594476259394,66.4077875194717,56,0.636591801208729,"2000-05-01","2022-12-31",0.717660731708215,-28.4545454545455,190,90.0688405797101,"10RA001",0,0,"C",16580.28863,99.99999997,16580.28906,65.05059229,-107.7610448,9.71596986279545,NA,NA,NA,NA,NA,372.38966706441,199.524398817829,172.86526824658,-9.91721255208209,152.909090845578,23.3438950333326,NA,147.763184864858,NA,198,"BACK RIVER BELOW BEECHY LAKE","Tundra",16580288634,16580.28863,99.99999996,"non-glacial","Back River"
